row,RB,BH,OMXS30GI
2020-10-05,,1.0,0.9997517817961408
2020-10-06,1.0,1.0,1.0009339523327028
2020-10-07,1.0,1.0,1.000212176419208
2020-10-08,1.0,1.0,1.0085403359282374
2020-10-09,1.0,1.0,0.9966180269724181
2020-10-12,1.0,1.0,1.0006396633258545
2020-10-13,1.0,1.0,0.9854742205650663
2020-10-14,1.0,1.0,0.997623122653954
2020-10-15,1.0,1.0,1.0010383168047798
2020-10-16,1.0,1.0,1.0010373765843108
2020-10-19,1.0,1.0,0.9896939300306732
2020-10-20,1.0,1.0,0.9881328506450383
2020-10-21,1.0,1.0,0.9904147657236987
2020-10-22,1.0,1.0,0.9659652726435646
2020-10-23,1.0,1.0,0.9599770084754609
2020-10-26,1.0,1.0,0.9374778460551955
2020-10-27,1.0,1.0,0.9347812937496337
2020-10-28,1.0,1.0,0.9356506842767871
2020-10-29,1.0,1.0,0.9524295453626603
2020-10-30,1.0,1.0,0.9654208849919188
2020-11-02,1.0,1.0,0.9785739425418735
2020-11-03,1.0095855272039962,1.0095855272039962,0.9931150789111369
2020-11-04,1.02243951068798,1.0222835038535816,0.9916461411314801
2020-11-05,1.0407773921091337,1.0408821267778423,1.0293712338293832
2020-11-06,1.0389577682479354,1.03892733665569,1.0276274382659076
2020-11-09,1.058819899898718,1.059138300432611,1.0370844891515796
2020-11-10,1.0567587070253917,1.0569281701797948,1.0313717095809407
2020-11-11,1.072531412083891,1.073110042791484,1.0340359809837276
2020-11-12,1.0626659572182613,1.0628909198701582,1.0455706056994285
2020-11-13,1.0659734757418025,1.0662035324986354,1.0476077500492833
2020-11-16,1.0809479482635134,1.0815176008593517,1.0477885857861857
2020-11-17,1.0799793313588129,1.080495770745652,1.043902654587132
2020-11-18,1.0878699390592235,1.0886462277164375,1.049936676151402
2020-11-19,1.0809013771720115,1.0813558267443841,1.0473748887797538
2020-11-20,1.0825010059190179,1.082960446671694,1.0562957005911795
2020-11-23,1.0938333980818626,1.094841100107633,1.0530882951640388
2020-11-24,1.1046834179474958,1.106451738692755,1.0533832109845331
2020-11-25,1.1022087687137425,1.1037515901845871,1.0571641508978635
2020-11-26,1.1014630252978332,1.1029415456321368,1.0464951558274393
2020-11-27,1.1064413892539817,1.1083418426484728,1.0500191021458654
2020-11-30,1.1021241709012628,1.1036165827591786,1.047801748872754
2020-12-01,1.1054808942644139,1.1072617832452056,1.0446905593402913
2020-12-02,1.1090645010086202,1.1111769985820492,1.0472924627852904
2020-12-03,1.1051355666532259,1.1068567609689801,1.0421958410287766
2020-12-04,1.0822967830576946,1.0835032050900366,1.0519725668739643
2020-12-07,1.0847808681883002,1.0859290201631382,1.052474644604498
2020-12-08,1.0941963780910393,1.0951657775568717,1.0421469495643803
2020-12-09,1.0869971025964644,1.0879816329173013,1.0336210303500033
2020-12-10,1.0941035167086275,1.0949791763974024,1.0333110710020024
2020-12-11,1.0850857300282952,1.085807786640968,1.0328676003473802
2020-12-14,1.09236332452156,1.0927977071419575,1.0341911173611398
2020-12-15,1.0990980204277814,1.0991795812587792,1.0303205430964155
2020-12-16,1.0981074815492677,1.098060600559735,1.0312538686154722
2020-12-17,1.0934653295720418,1.0936907192704288,1.0084237485900611
2020-12-18,1.0981545034796842,1.0979920476906522,1.0183543571853686
2020-12-21,1.0993105314930758,1.0992563833647462,1.020929307643585
2020-12-22,1.1015812477987676,1.1014955972783784,1.030977130390715
2020-12-23,1.108059743082474,1.108295389050943,1.034630200320239
2020-12-28,1.1246442966753059,1.1250797366736272,1.0246165389168223
2020-12-29,1.1459969206322373,1.14694792052797,1.0359590452499907
2020-12-30,1.1388929824854273,1.1394466321342596,1.0342428294869437
2021-01-04,1.1471084416665844,1.148546880574499,1.0600048703420304
2021-01-05,1.1492254146121645,1.150429753037163,1.0654042430896147
2021-01-07,1.1891612746158904,1.1903626131693674,1.0610958394930832
2021-01-08,1.210434892925746,1.2099926742806524,1.070459181738662
2021-01-11,1.1950000203555124,1.193939199807345,1.0724508820991738
2021-01-12,1.203317030931676,1.2020062457027039,1.0778956988361013
2021-01-13,1.1862372354878312,1.1843615967184198,1.0683204935781376
2021-01-14,1.1867219580276158,1.1848090129754905,1.0725402030437445
2021-01-15,1.1807889536460883,1.1793281638263737,1.0700414104435303
2021-01-18,1.1809112644968904,1.1794400178906412,1.0812551065724232
2021-01-19,1.1834792604122302,1.1817889532402628,1.0861144793638844
2021-01-20,1.1834792604122302,1.1817889532402628,1.085554421371086
2021-01-21,1.1893966567142915,1.1877284681461726,1.079444241948814
2021-01-22,1.192247906722365,1.1908831469708845,1.0885151756284825
2021-01-25,1.1850488437051587,1.183690742308294,1.080066041085754
2021-01-26,1.189056079266412,1.1873280405295537,1.077446586858664
2021-01-27,1.1839891638583266,1.1828060930983317,1.0650889558256218
2021-01-28,1.1886250822742581,1.1869944971106914,1.0809460874448915
2021-01-29,1.1882252515090639,1.1873849646364654,1.0867848565583982
2021-02-01,1.2165548077183617,1.2149136237493752,1.0917940378112796
2021-02-02,1.2434295232493497,1.242365096952213,1.0965358830440954
2021-02-03,1.2505322051841545,1.248780018939466,1.0872505790974574
2021-02-04,1.2396773331057054,1.2376278933376583,1.0944507874503133
2021-02-05,1.229822462978422,1.227046815439157,1.0926324010629507
2021-02-08,1.2354258593276581,1.232943535278346,1.0920174968761176
2021-02-09,1.2310214890626754,1.2282470874489502,1.0985771016826498
2021-02-10,1.2372597736356281,1.234851467209038,1.106587780079925
2021-02-11,1.2339659040219557,1.2313291313369912,1.1145464329445731
2021-02-12,1.2513515356787561,1.2498213946652368,1.1149776807330962
2021-02-15,1.2647264705687415,1.2643449329698726,1.103590357224231
2021-02-16,1.2688429097484457,1.267768081875792,1.1027996318096642
2021-02-17,1.2610832307028073,1.2589500478605606,1.1146401415846665
2021-02-18,1.2759859732991188,1.2738285178034028,1.1113923066773517
2021-02-19,1.3061507332914792,1.304878680400449,1.1036204442792443
2021-02-22,1.291395903062981,1.2899647211490484,1.1147943377416092
2021-02-23,1.2856313872679381,1.2846811335504,1.1162140706500465
2021-02-24,1.2987982343840327,1.2987530302480497,1.1003249715348253
2021-02-25,1.3044607117028917,1.30489180662534,1.12482993762264
2021-02-26,1.2755473212311648,1.2758391016115656,1.1316368204125626
2021-03-01,1.2982918877930052,1.2981236443724635,1.135292397596671
2021-03-02,1.306742956639691,1.3064892758591526,1.1305699835868845
2021-03-03,1.3071061059557334,1.3073856945004232,1.1214899611093474
2021-03-04,1.2838305866107378,1.2814798072643214,1.151345721887173
2021-03-05,1.2752612229349545,1.273316444919285,1.1632501666540782
2021-03-08,1.2713613415192513,1.2696512618255953,1.1685154012813952
2021-03-09,1.2774256352358135,1.2753156356976612,1.1855935658832855
2021-03-10,1.2807826320642341,1.278481021096757,1.1874009830318413
2021-03-11,1.2987104251849357,1.2954741427129552,1.183495620609758
2021-03-12,1.289816319810299,1.2868109826733247,1.1935208780656281
2021-03-15,1.289816319810299,1.2868109826733247,1.1895330896490814
2021-03-16,1.289816319810299,1.2868109826733247,1.1934362582234033
2021-03-17,1.2890083811759658,1.2860732628225005,1.1875222714723634
2021-03-18,1.29351540348777,1.2901834162770935,1.1905043373937279
2021-03-19,1.2884657470461534,1.2855463200719115,1.1869409018155972
2021-03-22,1.2976038019897433,1.2938720155312156,1.195961690403577
2021-03-23,1.291558355303258,1.2882864223749735,1.1915172682458401
2021-03-24,1.291558355303258,1.2882864223749735,1.2081027573218888
2021-03-25,1.29948897678319,1.2958943078085616,1.1998557701800303
2021-03-26,1.2996746944283633,1.2958083455679075,1.2126086072169442
2021-03-29,1.3124999309553986,1.3085388639844897,1.2089624322375274
2021-03-30,1.343550780941993,1.3392294605087274,1.2164732267520304
2021-03-31,1.349281900671471,1.343727436123716,1.231739273103019
2021-04-01,1.3483945794050647,1.3419733472177982,1.2313578569993617
2021-04-06,1.375467848022529,1.3698808370660271,1.2373461211674655
2021-04-07,1.3751582271960139,1.3699205831436447,1.2428699164238026
2021-04-08,1.382179258098888,1.3765098877817057,1.2333664813283185
2021-04-09,1.380611623213509,1.3734444871843656,1.2420237180015552
2021-04-12,1.356919890100542,1.3493506678784286,1.2320442179418511
2021-04-13,1.3782650265134604,1.3711545729503432,1.2402416868056667
2021-04-14,1.3793157503040663,1.3727808046488654,1.261275358921329
2021-04-15,1.389835516447755,1.384005465831606,1.248936218890847
2021-04-16,1.3974652763611544,1.3923588921379224,1.2197339113390901
2021-04-19,1.3924249689682446,1.3871482112055202,1.2328922968050369
2021-04-20,1.375731194772674,1.3688467227705938,1.2351770325451048
2021-04-21,1.3775542840216084,1.3707968813743152,1.2403463646845672
2021-04-22,1.379652295419753,1.3730470643786097,1.242235894420763
2021-04-23,1.3866244618611303,1.3805476743929237,1.2524658065320877
2021-04-26,1.3983591372153912,1.393298711417258,1.2427226152169668
2021-04-27,1.3899410124938305,1.383997954999508,1.239628349652949
2021-04-28,1.3814196693934035,1.3746971985817587,1.2313729005268683
2021-04-29,1.382532931945549,1.375897296184049,1.2394644378844915
2021-04-30,1.3851023043376676,1.3782734648737058,1.2189087111739874
2021-05-03,1.3815030410600335,1.374710511396944,1.2527403509090835
2021-05-04,1.3472961437019286,1.3397411019197583,1.249154663446516
2021-05-05,1.389834828421679,1.3840726336597264,1.256669845656542
2021-05-06,1.3933264401915224,1.388453735549045,1.2593830085237254
2021-05-07,1.4117125785077818,1.4063711567040638,1.2197646252077494
2021-05-10,1.4269804681614198,1.4219735479421314,1.2264583681345493
2021-05-11,1.402781864452267,1.3978065135662068,1.2498570081369815
2021-05-12,1.4154212606540464,1.4095022501876493,1.2401373223335896
2021-05-14,1.393085066536362,1.388615012462085,1.25085928315711
2021-05-17,1.3961130166897395,1.3914100767662816,1.2240767896861575
2021-05-18,1.398743158721346,1.3938810047161079,1.2456307171280905
2021-05-19,1.393545302315841,1.388981254251955,1.2459431837306758
2021-05-20,1.411176277580015,1.4054770808146024,1.2482786913760786
2021-05-21,1.410835660568772,1.405150430783659,1.2472397477576527
2021-05-24,1.4316233357607273,1.4250760826712128,1.2382860282298063
2021-05-25,1.438246622070053,1.4316090832900832,1.248022951408466
2021-05-26,1.4354574146122396,1.4288325580270633,1.2541356380853226
2021-05-27,1.4380927925392386,1.4314457582746114,1.2465806532087689
2021-05-28,1.4546678663777028,1.4479415848372585,1.2591792940887399
2021-05-31,1.4512983511346043,1.4445117595123518,1.261556798248432
2021-06-01,1.4716097575816731,1.4650907114617926,1.2640859913104825
2021-06-02,1.4747663589676265,1.4685741577415456,1.2630160204165741
2021-06-03,1.458553311973852,1.4512141893022434,1.2609494158253522
2021-06-04,1.4622456102916377,1.4554386852332424,1.2649353238009604
2021-06-07,1.4717183234953348,1.465091925463332,1.2634958462626706
2021-06-08,1.4908412899095094,1.4853393372278185,1.2610678836044669
2021-06-09,1.4972903814657914,1.491835781209098,1.267006002680882
2021-06-10,1.4942190165807334,1.4885692808996633,1.270364783603558
2021-06-11,1.4943732187496273,1.488732605915135,1.2678243078958775
2021-06-14,1.4943732187496273,1.488732605915135,1.2713470005870111
2021-06-15,1.4943732187496273,1.488732605915135,1.2637866877944655
2021-06-16,1.4958343836746268,1.489971954302237,1.2500005484619405
2021-06-17,1.4933154744049453,1.4878312616336062,1.259925829141256
2021-06-18,1.478017836817508,1.4748744375866305,1.2611133275938098
2021-06-21,1.4852170781879086,1.4808458434517584,1.2467878151188079
2021-06-22,1.4932889101345819,1.487605925563224,1.262745863735101
2021-06-23,1.4951521939796695,1.4891832780558996,1.2546270599838723
2021-06-24,1.5072334272998746,1.499436069258289,1.2676475464476749
2021-06-28,1.506185625349646,1.4989499184573283,1.25840361220168
2021-06-29,1.5096546458435418,1.5026122114383262,1.2643856082333227
2021-06-30,1.4948779067826847,1.4869493307925359,1.2727488693065343
2021-07-01,1.5022956780271426,1.4943732603889532,1.2783854910191708
2021-07-02,1.522005565475925,1.5152886049176513,1.2726188054749665
2021-07-05,1.5286679476070923,1.5223424122007316,1.2934036325731233
2021-07-06,1.5249196766337556,1.518458877807797,1.2733130015880325
2021-07-07,1.5552297959613903,1.5508357362343175,1.2897656061711058
2021-07-08,1.5295107541406805,1.5233862188477474,1.2998842588602462
2021-07-09,1.5377481706242755,1.531826945517284,1.3062558195729457
2021-07-12,1.5584132059291884,1.554799510579907,1.3102320119370392
2021-07-13,1.5623434772010174,1.5581060443396824,1.3036429468891397
2021-07-14,1.5575122364827345,1.5536771054041927,1.3004819256718112
2021-07-15,1.5565805326932298,1.5522267760949375,1.2719343249734152
2021-07-16,1.5558522363655796,1.5540556881210925,1.280873314380578
2021-07-19,1.5335698525750923,1.5315563514545945,1.2980176078221328
2021-07-20,1.5335698525750923,1.5315563514545945,1.3080115245956974
2021-07-21,1.5335698525750923,1.5315563514545945,1.3259944946957463
2021-07-22,1.5990652157632188,1.6063124577934325,1.3276467754668901
2021-07-23,1.606349678731666,1.615308005859102,1.3211489118044994
2021-07-26,1.614937787195364,1.6260096061441225,1.3244393700397494
2021-07-27,1.5989275750139107,1.6058471708245188,1.3257199503187505
2021-07-28,1.5957857696711968,1.6019697794169028,1.3177685058110327
2021-07-29,1.5925053751415121,1.5979372923529818,1.324309933021828
2021-07-30,1.5874377367162409,1.591733466100796,1.3234681222951032
2021-08-02,1.6015907960556386,1.6089490839506115,1.3306742853775975
2021-08-03,1.6161245152406853,1.6269401800819503,1.3309936469302899
2021-08-04,1.6396322284697593,1.6565634504361373,1.323645197150129
2021-08-05,1.6371196571914564,1.6533064416537393,1.3260339839554511
2021-08-06,1.6371196571914564,1.6533064416537393,1.3310259278330645
2021-08-09,1.6371196571914564,1.6533064416537393,1.3353358984637111
2021-08-10,1.6371196571914564,1.6533064416537393,1.337872299882692
2021-08-11,1.6371196571914564,1.6533064416537393,1.3387156776435318
2021-08-12,1.6371196571914564,1.6533064416537393,1.3200867760811674
2021-08-13,1.6371196571914564,1.6533064416537393,1.325595841216821
2021-08-16,1.6371196571914564,1.6533064416537393,1.318877965964646
2021-08-17,1.6371196571914564,1.6533064416537393,1.296031862191259
2021-08-18,1.6371196571914564,1.6533064416537393,1.3128285874660464
2021-08-19,1.6371196571914564,1.6533064416537393,1.3189779427412003
2021-08-20,1.6371196571914564,1.6533064416537393,1.3164738222249943
2021-08-23,1.6371196571914564,1.6533064416537393,1.3215412971469638
2021-08-24,1.6371196571914564,1.6533064416537393,1.3190603687356637
2021-08-25,1.6371196571914564,1.6533064416537393,1.3198586159139836
2021-08-26,1.6371196571914564,1.6533064416537393,1.3196740192952046
2021-08-27,1.6371196571914564,1.6533064416537393,1.3076837010587823
2021-08-30,1.6371196571914564,1.6533064416537393,1.317373613213984
2021-08-31,1.6371196571914564,1.6533064416537393,1.3283478665300632
2021-09-01,1.6371196571914564,1.6533064416537393,1.317965325295911
2021-09-02,1.6371196571914564,1.6533064416537393,1.3316079243034769
2021-09-03,1.6351260430843928,1.6513666237205065,1.3225319761146392
2021-09-06,1.6427566312854531,1.6587732012837602,1.305477003617655
2021-09-07,1.6323161442577787,1.6485450703630766,1.3089429696738157
2021-09-08,1.62392846076405,1.6404331044604656,1.3068741712348324
2021-09-09,1.62392846076405,1.6404331044604656,1.2989007882495007
2021-09-10,1.62392846076405,1.6404331044604656,1.3024786405414919
2021-09-13,1.6275275929909208,1.6438779697214898,1.2930087399760746
2021-09-14,1.617136069389702,1.6338878604645195,1.3037338348678256
2021-09-15,1.6186420537769037,1.6342931945145154,1.292344944324845
2021-09-16,1.6245390242934512,1.6458075899626792,1.2639302281194242
2021-09-17,1.5918737899785753,1.6076722499424931,1.2652750567971516
2021-09-20,1.5671841634368278,1.575180998505748,1.2787703545978817
2021-09-21,1.5680199949906606,1.5762462854381007,1.300383202522549
2021-09-22,1.570803133071936,1.579797241879275,1.2866280904655063
2021-09-23,1.586611003584842,1.6000376935939684,1.2814769359217812
2021-09-24,1.5622748108134894,1.5682566334454586,1.2539463403641977
2021-09-27,1.5570721094442879,1.560599884789994,1.2547947326342064
2021-09-28,1.5422602013393678,1.543952308318472,1.2575072686877438
2021-09-29,1.544423258835861,1.5458880736779426,1.2547264099467805
2021-09-30,1.5609893735857847,1.56466745692011,1.2463101831204726
2021-10-01,1.561425844717752,1.5662900454374604,1.2583293347846158
2021-10-04,1.5452752694694316,1.5455070870090621,1.2394832422938749
2021-10-05,1.56085572974231,1.5645010052515211,1.259948081025693
2021-10-06,1.5482266386748063,1.5492442216138826,1.2501748026555586
2021-10-07,1.591350851750184,1.5948666238138662,1.2464336654087562
2021-10-08,1.5757515424987327,1.5766075549784642,1.2561944075059681
2021-10-11,1.5782246736106904,1.576883744642351,1.2706725491037976
2021-10-12,1.5938797337821362,1.5953363890770464,1.2817320490757476
2021-10-13,1.5984766137686406,1.5999205768961042,1.291891444651885
2021-10-14,1.6294160049512294,1.6309520021328046,1.2900636560598306
2021-10-15,1.642795473238429,1.6448808805060964,1.2984118736055357
2021-10-18,1.6402127571092997,1.6422716765458942,1.2981837134383518
2021-10-19,1.6468433294033515,1.6475221802700108,1.2975697494719878
2021-10-20,1.6488011912317975,1.6490726387390442,1.3118109555115882
2021-10-21,1.6985209061382216,1.6967191488006261,1.3013619720309484
2021-10-22,1.6765834156462014,1.6739914731424632,1.3092197078985728
2021-10-25,1.6742418186969747,1.6720888128384255,1.2984049786554284
2021-10-26,1.698529619617882,1.6953741517390029,1.2928542304123087
2021-10-27,1.6828310882850503,1.6824783430116355,1.284392246189835
2021-10-28,1.6916851371368047,1.6920496051565905,1.2907863721937944
2021-10-29,1.6814713455933847,1.6809700563090593,1.2910157859882705
2021-11-01,1.6773484756767945,1.6751053862435772,1.2994269983054094
2021-11-02,1.6950134466607294,1.6963775487200614,1.3063771080134678
2021-11-03,1.7129111803131822,1.7190174204407873,1.3038964930089907
2021-11-04,1.73152325412661,1.743052900692243,1.3077924532263823
2021-11-05,1.742337927540028,1.7573191212285908,1.3051413449101636
2021-11-08,1.7274271665792755,1.7365329489232453,1.3075561444817991
2021-11-09,1.7254180880289893,1.7365570786644808,1.3159899220901978
2021-11-10,1.7317387726876698,1.747415607936322,1.3266391725307696
2021-11-11,1.7758180574644036,1.7924699308420173,1.3337356432251943
2021-11-12,1.8087077802180558,1.8283637099117198,1.3399997053975863
2021-11-15,1.7935953112121352,1.818174112777746,1.339141910922886
2021-11-16,1.7975772147677207,1.8233325377523384,1.3329276804353598
2021-11-17,1.797312777650245,1.823148103479326,1.3334256838771934
2021-11-18,1.8061003053658382,1.8321866177582902,1.3308892824582128
2021-11-19,1.824757118696842,1.851948613104294,1.3116423426407848
2021-11-22,1.8394184687882553,1.8661697282707903,1.312872777828097
2021-11-23,1.7910760897429843,1.8016489331225165,1.3123587906382876
2021-11-24,1.7827866874132599,1.7939117713283377,1.259943379923347
2021-11-25,1.7827866874132599,1.7939117713283377,1.2768548120953722
2021-11-26,1.7827866874132599,1.7939117713283377,1.2596528517983754
2021-11-29,1.7827866874132599,1.7939117713283377,1.2872223098020177
2021-11-30,1.7827866874132599,1.7939117713283377,1.2717559964910974
2021-12-01,1.7827866874132599,1.7939117713283377,1.2591868158524933
2021-12-02,1.7827866874132599,1.7939117713283377,1.2843038654657335
2021-12-03,1.7827866874132599,1.7939117713283377,1.3120149833533967
2021-12-06,1.7827866874132599,1.7939117713283377,1.3073558775218672
2021-12-07,1.7827866874132599,1.7939117713283377,1.3058606135690738
2021-12-08,1.7827866874132599,1.7939117713283377,1.3012754717477852
2021-12-09,1.8114851607488123,1.8186695156688124,1.2982498422780164
2021-12-10,1.7902815244081915,1.8006548308331727,1.2847742891071385
2021-12-13,1.7880011344594058,1.798529998496573,1.2887573764213391
2021-12-14,1.7880011344594058,1.798529998496573,1.2986306315680276
2021-12-15,1.7880011344594058,1.798529998496573,1.2957607652893168
2021-12-16,1.7880011344594058,1.798529998496573,1.2844082299378108
2021-12-17,1.7880011344594058,1.798529998496573,1.303404130889972
2021-12-20,1.776209448188119,1.7875707124100024,1.31199273146896
2021-12-21,1.776209448188119,1.7875707124100024,1.3405509879993394
2021-12-22,1.7801057588517646,1.7911438934290638,1.3523438599372373
2021-12-23,1.7826357556665056,1.7934742288762775,1.3601326463037897
2021-12-27,1.7826357556665056,1.7934742288762775,1.359250092690068
2021-12-28,1.7886195009058996,1.7981154237432369,1.3597167554495961
2021-12-29,1.7893948019466044,1.7987207969867534,1.3734580776064242
2021-12-30,1.7893948019466044,1.7987207969867534,1.380191623199752
2022-01-03,1.7893948019466044,1.7987207969867534,1.3726839627534797
2022-01-04,1.801405878166469,1.8081074540916633,1.3491624672764102
2022-01-05,1.801692987749825,1.8085547252874348,1.3220668803892264
2022-01-07,1.7848816529703464,1.7954220611150564,1.3369330196339972
2022-01-10,1.7784269683922058,1.7894381780333761,1.3481642665449813
2022-01-11,1.7805400796790258,1.7913829400349222,1.3474810396707224
2022-01-12,1.7931887250537948,1.8030515120441983,1.3251896659741422
2022-01-13,1.8019835689879804,1.8112793512815089,1.3279034556549716
2022-01-14,1.788681291125691,1.7987131968099803,1.3052444557549485
2022-01-17,1.8037919266398292,1.8127753220519287,1.31095441466418
2022-01-18,1.8107484385840973,1.819357593441777,1.323064454307009
2022-01-19,1.8313019474182122,1.83895481053428,1.300336504905914
2022-01-20,1.8234758707198437,1.8313253596051375,1.2497200493553067
2022-01-21,1.783462754335477,1.7830818373349604,1.2585634496814377
2022-01-24,1.783462754335477,1.7830818373349604,1.2846294951548873
2022-01-25,1.783462754335477,1.7830818373349604,1.2756469421993197
2022-01-26,1.783462754335477,1.7830818373349604,1.2737896933658983
2022-01-27,1.783462754335477,1.7830818373349604,1.2869048286902636
2022-01-28,1.783462754335477,1.7830818373349604,1.2998529181779406
2022-01-31,1.783462754335477,1.7830818373349604,1.306189063919635
2022-02-01,1.783462754335477,1.7830818373349604,1.2798860828879561
2022-02-02,1.7902605976680928,1.7916063760334497,1.2667555906292614
2022-02-03,1.7750004131208994,1.7723246813582951,1.2804345448283017
2022-02-04,1.7557140366247423,1.7483747869196815,1.278047951870741
2022-02-07,1.7490294219793026,1.7402561786354058,1.2998190702410508
2022-02-08,1.7266318759439427,1.7132618060901892,1.3004477643280983
2022-02-09,1.7266318759439427,1.7132618060901892,1.288935078090011
2022-02-10,1.7266318759439427,1.7132618060901892,1.2592614066763803
2022-02-11,1.725923601320945,1.7125511923597163,1.2823547884331572
2022-02-14,1.725923601320945,1.7125511923597163,1.2718710167951583
2022-02-15,1.725923601320945,1.7125511923597163,1.2526203160958536
2022-02-16,1.725923601320945,1.7125511923597163,1.2349585879894356
2022-02-17,1.725923601320945,1.7125511923597163,1.2133711260174362
2022-02-18,1.725923601320945,1.7125511923597163,1.2125935636894376
2022-02-21,1.725923601320945,1.7125511923597163,1.203666170334728
2022-02-22,1.725923601320945,1.7125511923597163,1.1684006943841572
2022-02-23,1.725923601320945,1.7125511923597163,1.2040823745957445
2022-02-24,1.725923601320945,1.7125511923597163,1.1998927521851508
2022-02-25,1.7313211840275455,1.7188903913436395,1.1722634334783049
2022-02-28,1.7477835328927647,1.7383451744322311,1.1787860562797168
2022-03-01,1.7498498611043354,1.7374755320384179,1.1517851182530954
2022-03-02,1.7930604684949252,1.7823579628352846,1.1163801762662655
2022-03-03,1.7573935886519394,1.7438968106470778,1.113535069126576
2022-03-04,1.6829443527133299,1.6657986743573525,1.1088637404289474
2022-03-07,1.7028969993669338,1.6813183125334579,1.1479834934894435
2022-03-08,1.714100269099611,1.6903604811540756,1.1464697385340898
2022-03-09,1.707672867723372,1.675063119758429,1.1643925345241122
2022-03-10,1.700748212248264,1.6655421723338897,1.1788114422323843
2022-03-11,1.767675109505975,1.7313946165107703,1.172425464805824
2022-03-14,1.7844715607913524,1.7471397489607525,1.218573052466496
2022-03-15,1.7572298232406713,1.7195338803164286,1.2139888508656766
2022-03-16,1.8352319472536536,1.799976454011393,1.225135791341259
2022-03-17,1.8619934653212369,1.8294308643168067,1.2263850309379547
2022-03-18,1.8783823810786489,1.8509751290148275,1.227357845716716
2022-03-21,1.8863331656902869,1.8572532448220471,1.215075432321207
2022-03-22,1.8705236283372635,1.8397834044506143,1.2051971626653495
2022-03-23,1.8613652758264878,1.8287225690521625,1.1940351786622607
2022-03-24,1.8645914358303466,1.8317964377995812,1.2054124731527882
2022-03-25,1.8688144332787402,1.8348194698604594,1.222115489787482
2022-03-28,1.8687037666472228,1.8362825736528776,1.2099897798035002
2022-03-29,1.850368139145915,1.8259138900066514,1.1927765368608734
2022-03-30,1.855644207239506,1.8324085176747873,1.2070240110369348
2022-03-31,1.866813611496488,1.8462357894843668,1.2166061112450055
2022-04-01,1.866813611496488,1.8462357894843668,1.2143743412580337
2022-04-04,1.866813611496488,1.8462357894843668,1.1965427466535203
2022-04-05,1.868603149599012,1.8484776752535803,1.203775235909151
2022-04-06,1.8344006921251015,1.8088942847809415,1.2173811663184195
2022-04-07,1.8378909897181634,1.8131742485221671,1.19860809761745
2022-04-08,1.8504747478459638,1.8286636411094592,1.2011774067528513
2022-04-11,1.7900245055334782,1.7651178500480835,1.1991054742456377
2022-04-12,1.8073012842272551,1.7798220191819636,1.1958366410811783
2022-04-13,1.8187259049065059,1.7897313505547956,1.1987137157168195
2022-04-14,1.8244280006660019,1.7947392922163345,1.205119124366409
2022-04-19,1.822498920041454,1.7930344610124065,1.2150274810772796
2022-04-20,1.822498920041454,1.7930344610124065,1.1970279004156088
2022-04-21,1.822498920041454,1.7930344610124065,1.171713091097021
2022-04-22,1.822498920041454,1.7930344610124065,1.1532512353713449
2022-04-25,1.822498920041454,1.7930344610124065,1.1725094578344026
2022-04-26,1.822498920041454,1.7930344610124065,1.1689648266656554
2022-04-27,1.822498920041454,1.7930344610124065,1.1818292365315768
2022-04-28,1.822498920041454,1.7930344610124065,1.1604257443647104
2022-04-29,1.822498920041454,1.7930344610124065,1.1685000443470654
2022-05-02,1.822498920041454,1.7930344610124065,1.1563746477699068
2022-05-03,1.822498920041454,1.7930344610124065,1.142543691261685
2022-05-04,1.822498920041454,1.7930344610124065,1.1292301694183264
2022-05-05,1.822498920041454,1.7930344610124065,1.102080363150754
2022-05-06,1.822498920041454,1.7930344610124065,1.1183599671675013
2022-05-09,1.822498920041454,1.7930344610124065,1.138134684074953
2022-05-10,1.822498920041454,1.7930344610124065,1.135837412061963
2022-05-11,1.822498920041454,1.7930344610124065,1.1576263946211869
2022-05-12,1.8120981479945248,1.7804833900211843,1.153688437889506
2022-05-13,1.8606407613546314,1.8383894675488686,1.166838047964407
2022-05-16,1.859958958217455,1.8375337127085583,1.1525651878356782
2022-05-17,1.875651935487815,1.857216074035702,1.1467292393835788
2022-05-18,1.8573092451228774,1.8338254417338788,1.1477011139418714
2022-05-19,1.8581261069905481,1.8296166923722874,1.1620413565375567
2022-05-20,1.8594443249523476,1.8340287021955157,1.1518136382739934
2022-05-23,1.880272909770846,1.8556685327553797,1.1407140222286924
2022-05-24,1.8768491821757731,1.8500471951530046,1.1846188706635856
2022-05-25,1.8708321173885734,1.8447247789904664,1.194507169337781
2022-05-27,1.8969686253749203,1.8676952066393142,1.175719683922951
2022-05-30,1.9050335725190208,1.8749785129669976,1.1749261378469766
2022-05-31,1.9001121973417698,1.870496478303808,1.1947387769800182
2022-06-01,1.903049479234984,1.873157686385077,1.1911327180739522
2022-06-02,1.9206189350685432,1.8891249348726908,1.1938932053714169
2022-06-03,1.9080569672505219,1.877499657465042,1.191431394776323
2022-06-07,1.9080569672505219,1.877499657465042,1.1765379891379464
2022-06-08,1.9080569672505219,1.877499657465042,1.145880220299924
2022-06-09,1.9080569672505219,1.877499657465042,1.1261431122112389
2022-06-10,1.9080569672505219,1.877499657465042,1.1116875359046692
2022-06-13,1.9080569672505219,1.877499657465042,1.1205933041885883
2022-06-14,1.9080569672505219,1.877499657465042,1.0880554078190614
2022-06-15,1.9080569672505219,1.877499657465042,1.0845634289965873
2022-06-16,1.9080569672505219,1.877499657465042,1.0908823373630139
2022-06-17,1.9080569672505219,1.877499657465042,1.095568082774503
2022-06-20,1.9080569672505219,1.877499657465042,1.0912242642069663
2022-06-21,1.9080569672505219,1.877499657465042,1.0737844281312712
2022-06-22,1.9080569672505219,1.877499657465042,1.1079178786369688
2022-06-23,1.9080569672505219,1.877499657465042,1.1011818257890567
2022-06-27,1.9517168978555124,1.9305257625854884,1.0984025340822086
2022-06-28,1.9292945960813348,1.9006898789691657,1.077895385429278
2022-06-29,1.9062532682764195,1.8721877675011875,1.0797701850447905
2022-06-30,1.8710888266021828,1.838578620948396,1.0899110896183677
2022-07-01,1.8844920416924564,1.8547014231809642,1.0741413985027304
2022-07-04,1.8718641536150407,1.8392951899365102,1.1043672927385833
2022-07-05,1.8703757120170643,1.837503767466225,1.1250349056849176
2022-07-06,1.8981048593496943,1.8708242254135323,1.1345091939458578
2022-07-07,1.916645566156529,1.8937544330331848,1.1151983191365267
2022-07-08,1.9194445849251804,1.8958995712290359,1.1332232857508648
2022-07-11,1.8867133264149483,1.8607183364885034,1.111616705962659
2022-07-12,1.9008984703168472,1.8762067166076728,1.0956389127165131
2022-07-13,1.870918663691546,1.8411929737545163,1.0958188082329465
2022-07-14,1.850437276372221,1.823754816814669,1.1111769961899134
2022-07-15,1.8573002404800294,1.8311856792707724,1.1287982948161572
2022-07-18,1.9070191482030046,1.8825659237195493,1.1289095542383416
2022-07-19,1.9074039746492928,1.8854399665784414,1.137346465914971
2022-07-20,1.9206813528683426,1.9014705706456125,1.1394923624324256
2022-07-21,1.9497115026812313,1.945379381556843,1.1344214400354025
2022-07-22,1.9699082493375606,1.9715314083619147,1.1298616841667812
2022-07-25,1.9717414833067326,1.96937210698374,1.1347035061761517
2022-07-26,1.9317854951913813,1.9160799155346335,1.148922773738138
2022-07-27,1.9579817188737016,1.947242442734314,1.16993388056254
2022-07-28,2.0269827003527743,2.0329468167822333,1.1576069633981574
2022-07-29,2.0776676164313472,2.0906036645913217,1.1477133368079704
2022-08-01,2.055077211206968,2.0665251372749163,1.1544224366690998
2022-08-02,2.008837396476436,2.0100234623153184,1.1632000215623894
2022-08-03,2.008837396476436,2.0100234623153184,1.1503892042632102
2022-08-04,2.008837396476436,2.0100234623153184,1.161084212099948
2022-08-05,2.008837396476436,2.0100234623153184,1.1441204409884727
2022-08-08,2.0264786733241777,2.0344237555782563,1.165879336492683
2022-08-09,1.99130449270909,1.984926017816296,1.1656627723779522
2022-08-10,1.99130449270909,1.984926017816296,1.1702858364248305
2022-08-11,1.99130449270909,1.984926017816296,1.17267744389156
2022-08-12,1.9873608274184171,1.9795724762038878,1.1855007974636613
2022-08-15,1.9965168914969231,1.991952541182582,1.1715820870449842
2022-08-16,1.9994594366575673,1.9959676973918885,1.1822727071861991
2022-08-17,1.9840564109166252,1.9748881272930303,1.173429933673714
2022-08-18,1.9949837462627673,1.9896103667271536,1.1492581190388065
2022-08-19,1.953713303044919,1.9333981797968647,1.1432939871960777
2022-08-22,1.9334502925499015,1.9069650680855978,1.1421093094049315
2022-08-23,1.9300444858015073,1.9026153155255157,1.1442652349407239
2022-08-24,1.932147789968026,1.90529208633172,1.126328335643664
2022-08-25,1.9337218411207495,1.9072996644363733,1.1170912963477764
2022-08-26,1.9096256188014877,1.8765168001650245,1.1184502283325408
2022-08-29,1.9104317081298126,1.877520589217351,1.1056704383088443
2022-08-30,1.9109686479016308,1.878189781918902,1.0799058901991732
2022-08-31,1.9187499018737102,1.8878930760913926,1.1084378205564163
2022-09-01,1.8748334455262055,1.83268467821343,1.0933322384988315
2022-09-02,1.917557532086454,1.883877919882086,1.0959701837284819
2022-09-05,1.9143449888424433,1.8781749483902408,1.0928091625111533
2022-09-06,1.9110043831888817,1.8735393881663356,1.0983044377465925
2022-09-07,1.9199236335165557,1.886169987472101,1.1137086965065481
2022-09-08,1.9706994338315602,1.9437614394216742,1.1370217764462862
2022-09-09,2.0058802328377077,1.9809777873106926,1.1161112732120848
2022-09-12,2.060029747688059,2.044889978409787,1.10352046750269
2022-09-13,2.017798778937651,1.9893103926658346,1.1008847161208009
2022-09-14,1.9930708527251797,1.9663353217993065,1.083447700706513
2022-09-15,1.99364497654852,1.966855512083077,1.0813820363357602
2022-09-16,1.980447729617849,1.954891135556357,1.069144753522771
2022-09-19,1.9862631685537404,1.9600930383940611,1.081874085047956
2022-09-20,1.9759526771631009,1.9508163116668216,1.058344127586664
2022-09-21,1.985592895724068,1.959399451349034,1.0468568273012444
2022-09-22,1.9887753992725112,1.9622604979097715,1.043299659859575
2022-09-23,1.9524375657011166,1.9294885100322332,1.0534261477192914
2022-09-26,1.943750746215794,1.9219457509175617,1.058836803112506
2022-09-27,1.943750746215794,1.9219457509175617,1.034543386630253
2022-09-28,1.9692844177588584,1.9419452469081089,1.0544838957471008
2022-09-29,1.9584995004630754,1.9332787986455386,1.0605564663506064
2022-09-30,1.987998862647651,1.9573530333548952,1.1009922146611084
2022-10-03,1.9905176712404917,1.9594050630660445,1.0855854486465684
2022-10-04,2.0702215422933476,2.035320099173795,1.0856528311135252
2022-10-05,2.0596742852156376,2.027065272238608,1.0618586717003982
2022-10-06,2.0625735551352604,2.0294613644516155,1.0595977548788824
2022-10-07,2.0349375354216392,2.006374781759512,1.0579774416036902
2022-10-10,2.0349375354216392,2.006374781759512,1.0581288170992256
2022-10-11,2.0349375354216392,2.006374781759512,1.071108247269208
2022-10-12,2.0349375354216392,2.006374781759512,1.078124485816931
2022-10-13,2.0349375354216392,2.006374781759512,1.1008239151971282
2022-10-14,2.0349375354216392,2.006374781759512,1.118233037404164
2022-10-17,2.0349375354216392,2.006374781759512,1.1112418714022856
2022-10-18,2.0349375354216392,2.006374781759512,1.1005756969932692
2022-10-19,2.0349375354216392,2.006374781759512,1.097986016414369
2022-10-20,2.0349375354216392,2.006374781759512,1.1194829038145058
2022-10-21,2.0349375354216392,2.006374781759512,1.134815392411982
2022-10-24,2.0349375354216392,2.006374781759512,1.138610749039173
2022-10-25,2.0349375354216392,2.006374781759512,1.1375498669431332
2022-10-26,2.0349375354216392,2.006374781759512,1.1410785143639048
2022-10-27,2.0327747998767465,2.004665307931934,1.137753894784942
2022-10-28,1.9978783534842963,1.9752834710268672,1.1414912711498677
2022-10-31,1.9855935514920482,1.964901120657424,1.1446886475586706
2022-11-01,2.0163284173387033,1.990397420572057,1.1328603606497676
2022-11-02,2.011181423625185,1.9859747888170916,1.1558152165907545
2022-11-03,1.992683101594641,1.9708626852743156,1.161371919563512
2022-11-04,2.0642905546472328,2.030299665101213,1.1771936362117765
2022-11-07,2.088636340522759,2.04950143791253,1.1755379079655792
2022-11-08,2.112064917728278,2.068861571039308,1.218888339730489
2022-11-09,2.108273079066822,2.0656836697790584,1.220713621067959
2022-11-10,2.1566233252125455,2.105941392092608,1.2203152809958564
2022-11-11,2.264710287650788,2.212365087318011,1.2145376262128451
2022-11-14,2.222811427982222,2.171720164975924,1.2012291188786555
2022-11-15,2.2058215430301087,2.156293307995295,1.1966358284799674
2022-11-16,2.1507986923652944,2.0960864234717875,1.208379808953469
2022-11-17,2.1196135123108855,2.064924950603158,1.2062426878270598
2022-11-18,2.126849663861858,2.0714033069237665,1.214346448050782
2022-11-21,2.113720962233081,2.059569509378121,1.222033690606665
2022-11-22,2.1318665721094794,2.075722211137506,1.2202478985288996
2022-11-23,2.1318665721094794,2.075722211137506,1.2260333884824872
2022-11-24,2.1318665721094794,2.075722211137506,1.2142383226968283
2022-11-25,2.1318665721094794,2.075722211137506,1.211878055912404
2022-11-28,2.1318665721094794,2.075722211137506,1.21777417847453
2022-11-29,2.1318665721094794,2.075722211137506,1.2309062377673399
2022-11-30,2.1318665721094794,2.075722211137506,1.233438251490798
2022-12-01,2.1201310414631958,2.065066432697228,1.2393610136328834
2022-12-02,2.122048500654511,2.066602532468202,1.2229068420156948
2022-12-05,2.1379047472536055,2.08086477508803,1.2096679109962232
2022-12-06,2.1382699201543236,2.0811964811832495,1.2116674465273114
2022-12-07,2.1306951696902687,2.0743135797074412,1.2258973699212816
2022-12-08,2.1515600074246066,2.0931379006111586,1.2215397614535308
2022-12-09,2.174877307698284,2.120101769173471,1.2399430101032958
2022-12-12,2.144537746633862,2.0876454235566735,1.2389777170882876
2022-12-13,2.1679654699164166,2.1157209188825092,1.2045095480955679
2022-12-14,2.169204210962426,2.1185593501659556,1.1851475879740787
2022-12-15,2.117947674862566,2.0630660479795826,1.1862404375660702
2022-12-16,2.039951389426161,1.9820675804902095,1.1795432471642167
2022-12-19,2.0346326584515446,1.9714173790101228,1.19617229978867
2022-12-20,2.0195821767689344,1.9555065066855146,1.1835272746988865
2022-12-21,2.062159189881986,2.0005030049780608,1.1899170130073233
2022-12-22,2.02685412614158,1.9647194173889695,1.197608329851906
2022-12-23,2.0411225117368,1.9788315078051557,1.1890093868477574
2022-12-27,2.0540989161076855,1.9919353262400676,1.2021060311695622
2022-12-28,2.0452403061971602,1.9825758984677087,1.1836234905935643
2022-12-29,2.0635444010097257,2.0036946048912703,1.202363024764467
2022-12-30,2.022701017582351,1.9638436466187124,1.2106281895020625
2023-01-02,2.062935820631865,2.002406923253681,1.2281927614933335
2023-01-03,2.074496973392553,2.0142441007049072,1.2380929696268046
2023-01-04,2.087100569614565,2.0332622079788707,1.2695931760051975
2023-01-05,2.1414912062222253,2.079745991673052,1.2631523523846029
2023-01-09,2.2014868167511983,2.1325565141218314,1.278845258828592
2023-01-10,2.201601361688208,2.1325754467124294,1.2889695528405472
2023-01-11,2.211772656551544,2.1421885087075525,1.2842838074290581
2023-01-12,2.237442981684118,2.164567995901501,1.2888705162844618
2023-01-13,2.242856942244107,2.1699886521750598,1.281763703164876
2023-01-16,2.2701097940010335,2.1994592145108656,1.2851823447907555
2023-01-17,2.256036478729675,2.185122901518923,1.2592071872959918
2023-01-18,2.2322962593530216,2.151999950837599,1.2728363098101665
2023-01-19,2.196218866881637,2.1201896296111693,1.2885379916452009
2023-01-20,2.2077139559112258,2.131334086156632,1.2836939757880694
2023-01-23,2.2252664520271277,2.1485283905410597,1.276818143497075
2023-01-24,2.2267864427730477,2.150040852500801,1.2688422532571588
2023-01-25,2.2297423893300246,2.152986173159245,1.2729742088123104
2023-01-26,2.2411365131748715,2.164369439487824,1.2744099254687233
2023-01-27,2.237823672800629,2.1610261025241857,1.2735167160230179
2023-01-30,2.2379027841829884,2.1611057057852245,1.2802314572069624
2023-01-31,2.2315743210251715,2.154737444902103,1.3249903392346793
2023-02-01,2.225607544765746,2.1487672003241767,1.3291125791783163
2023-02-02,2.225607544765746,2.1487672003241767,1.3080779668421851
2023-02-03,2.219478696851758,2.142041412067625,1.3061063245183486
2023-02-06,2.187823882672249,2.107495317840794,1.299930956476881
2023-02-07,2.187823882672249,2.107495317840794,1.2948525123161048
2023-02-08,2.187823882672249,2.107495317840794,1.2748104593885872
2023-02-09,2.187823882672249,2.107495317840794,1.2935841549032028
2023-02-10,2.187823882672249,2.107495317840794,1.2931619959125484
2023-02-13,2.187823882672249,2.107495317840794,1.3063006367486423
2023-02-14,2.187823882672249,2.107495317840794,1.3071167481158765
2023-02-15,2.187823882672249,2.107495317840794,1.3029691222195723
2023-02-16,2.187823882672249,2.107495317840794,1.2966376775802235
2023-02-17,2.1859443088898844,2.1055924306084823,1.2879697850750031
2023-02-20,2.1907741300419836,2.110473750030499,1.2878625999415183
2023-02-21,2.1844984749819676,2.10410321451363,1.291127358817278
2023-02-22,2.1763011749895402,2.0958297917644493,1.278868764340321
2023-02-23,2.167050511526076,2.0865635582853668,1.295452059568608
2023-02-24,2.1405590625326765,2.0602540739429718,1.2906813809080713
2023-02-27,2.1551660141146662,2.074401626844071,1.2836826931424394
2023-02-28,2.1596904779476493,2.078642348889979,1.2836773652264473
2023-03-01,2.1778366615950167,2.095782863496496,1.3057549954697045
2023-03-02,2.1517423873897954,2.0689732663530123,1.3110308859290052
2023-03-03,2.192896883821677,2.111823149494495,1.3011331850501184
2023-03-06,2.1805260444806356,2.1000877151027217,1.3033715365803742
2023-03-07,2.1580687493697224,2.0769457793966537,1.3013929993064306
2023-03-08,2.1659883706492407,2.0841034758486017,1.2706455961170149
2023-03-09,2.140703627479239,2.0586085078690615,1.2500738856585352
2023-03-10,2.0847867061155596,1.9991770089291652,1.267338527320143
2023-03-13,2.05383078229748,1.9670430619659403,1.2154255077425589
2023-03-14,2.05383078229748,1.9670430619659403,1.2319069457533531
2023-03-15,2.012849472024259,1.9257845895446424,1.2103354675293294
2023-03-16,2.012849472024259,1.9257845895446424,1.2281272594673152
2023-03-17,2.012849472024259,1.9257845895446424,1.243594512998705
2023-03-20,2.012849472024259,1.9257845895446424,1.2444225338252148
2023-03-21,2.012849472024259,1.9257845895446424,1.2407475254180769
2023-03-22,2.012849472024259,1.9257845895446424,1.2168063782049374
2023-03-23,2.012849472024259,1.9257845895446424,1.23185429340708
2023-03-24,1.9908059865039556,1.9041071437112773,1.2340976594465047
2023-03-27,1.9966762855416695,1.9097475554134729,1.2537843090366783
2023-03-28,1.9838859477740327,1.8981080101741155,1.2851823447907555
2023-03-29,2.0037624169720885,1.917313086510873,1.3024820880165455
2023-03-30,2.029757352884919,1.9417423655486623,1.2950283335438382
2023-03-31,2.060319151624729,1.971615179399816,1.297893498720203
2023-04-03,2.0495439963235347,1.9608198370482253,1.2814101802684705
2023-04-04,2.0337712800040415,1.9446994242643136,1.2876848982728464
2023-04-05,2.0211572405765357,1.9322074350860021,1.303277514533458
2023-04-06,2.0342582435943712,1.9450197316791424,1.3056183500948526
2023-04-11,2.0468692865923335,1.957511720857454,1.3115022497908795
2023-04-12,2.0468692865923335,1.957511720857454,1.3258449996411492
2023-04-13,2.049424678960114,1.960074180176082,1.325959393131564
2023-04-14,2.073640517828424,1.9844175437030485,1.329856293569425
2023-04-17,2.04248490043865,1.9502501856554282,1.3259681685226097
2023-04-18,2.0478581971436105,1.955043308387079,1.325458882435146
2023-04-19,2.034023441934902,1.9426375789639827,1.3240388361198856
2023-04-20,2.0391236417579637,1.947148753299654,1.3319460902655529
2023-04-21,2.0280224864520795,1.9372805594403733,1.3256861023818605
2023-04-24,2.0280224864520795,1.9372805594403733,1.3219424578804735
2023-04-25,2.0280224864520795,1.9372805594403733,1.3411458341494968
2023-04-26,2.0280224864520795,1.9372805594403733,1.3438022703817076
2023-04-27,2.0280224864520795,1.9372805594403733,1.3227582558408848
2023-04-28,2.0280224864520795,1.9372805594403733,1.3258481337093797
2023-05-02,2.0280224864520795,1.9372805594403733,1.3210752612010814
2023-05-03,2.0280224864520795,1.9372805594403733,1.3295573034602308
2023-05-04,2.0280224864520795,1.9372805594403733,1.3287709657411868
2023-05-05,2.0280224864520795,1.9372805594403733,1.319561819652551
2023-05-08,2.0280224864520795,1.9372805594403733,1.3107080769012591
2023-05-09,2.0280224864520795,1.9372805594403733,1.3233205076814445
2023-05-10,2.0280224864520795,1.9372805594403733,1.3269535195742934
2023-05-11,2.0280224864520795,1.9372805594403733,1.3359799494850881
2023-05-12,2.0280224864520795,1.9372805594403733,1.327653357010174
2023-05-15,2.0398138814288083,1.949089514501603,1.3338497233087863
2023-05-16,2.027771908481864,1.9368901807606627,1.3588915552844936
2023-05-17,2.028844339415721,1.9379637221298658,1.3558834765968155
2023-05-19,2.031960843777343,1.9410867515675463,1.3464035470130606
2023-05-22,2.019532948708368,1.928594633816824,1.3242403567071097
2023-05-23,2.0088179423118917,1.9179568147947241,1.3252369904044232
2023-05-24,2.0088179423118917,1.9179568147947241,1.3493636744568112
2023-05-25,2.0088179423118917,1.9179568147947241,1.3413144470203004
2023-05-26,2.0088179423118917,1.9179568147947241,1.3391867280985827
2023-05-29,2.0048124206877898,1.9140225706006326,1.327285103993085
2023-05-30,1.999025252390878,1.908361097248159,1.3376594966498379
2023-05-31,1.9847197217622787,1.89444730680564,1.3614602376062488
2023-06-01,1.9969321495655266,1.9061540822124492,1.36179276224551
2023-06-02,2.065422187192564,1.9705624877955732,1.3690960814431508
2023-06-05,2.0447562450055305,1.9504154508059124,1.3676826166711746
2023-06-07,2.084671779509797,1.9890308378371577,1.3670887107414862
2023-06-08,2.088955458596088,1.9932492858001358,1.3656153852663067
2023-06-09,2.1104791328740102,2.0144565442901934,1.3783575664712366
2023-06-12,2.0937021210370634,1.997869513610284,1.3734850305932071
2023-06-13,2.0819974290602534,1.9866291698943404,1.3722445663875569
2023-06-14,2.03612144256867,1.942612050951497,1.3793573342367809
2023-06-15,2.0373426879983105,1.9438732613973844,1.3615664825192644
2023-06-16,2.0333783929909797,1.9397743274482506,1.354724184758337
2023-06-19,2.0147038850156034,1.9205408681484701,1.3455009353626635
2023-06-20,2.0147038850156034,1.9205408681484701,1.3275530668267967
2023-06-21,2.0147038850156034,1.9205408681484701,1.3293877503689582
2023-06-22,2.0147038850156034,1.9205408681484701,1.333009166209354
2023-06-26,2.0147038850156034,1.9205408681484701,1.3433841856797528
2023-06-27,2.0147038850156034,1.9205408681484701,1.356867260614384
2023-06-28,2.0147038850156034,1.9205408681484701,1.3717938873760045
2023-06-29,2.0147038850156034,1.9205408681484701,1.362701015218722
2023-06-30,2.0147038850156034,1.9205408681484701,1.363492994260581
2023-07-03,2.0134086719747706,1.919231617381838,1.3536883752081412
2023-07-04,2.0268279291820526,1.9322336608485449,1.329397465980473
2023-07-05,2.00253259086321,1.9083513490597745,1.3339553414081557
2023-07-06,1.9645002123697939,1.871591763087716,1.3325309073973728
2023-07-07,1.9921146084632235,1.8978338738856992,1.3350087017404422
2023-07-10,2.009883303458516,1.914788810778892,1.3446556771608853
2023-07-11,2.023928690026111,1.9284546435861294,1.3428714521172356
2023-07-12,2.0680436967439872,1.9716906978512156,1.3350789048688063
2023-07-13,2.08442839725198,1.9880105126480474,1.332136328207147
2023-07-14,2.106690840482261,2.0110998033457617,1.3414598677861977
2023-07-17,2.080589321985186,1.9857160367118605,1.3277549008208438
2023-07-18,2.080589321985186,1.9857160367118605,1.3210865438467114
2023-07-19,2.080589321985186,1.9857160367118605,1.3228262651214875
2023-07-20,2.0788387209570116,1.9838711332861834,1.3325425034498257
2023-07-21,2.099589114488285,2.00570249049003,1.3416156309772558
2023-07-24,2.101595273893338,2.0078548778199865,1.327447135320604
2023-07-25,2.156392186857894,2.058704250165007,1.338682769927111
2023-07-26,2.1450250909002877,2.0482008849788476,1.3389996242252191
2023-07-27,2.1550577774157427,2.0582476461529295,1.3372548884412743
2023-07-28,2.155236530173136,2.0587266169933387,1.3308410178074623
2023-07-31,2.1724278933084578,2.0750527909843632,1.3205170836492215
2023-08-01,2.1392690351558303,2.0403561295288255,1.3049808806167595
2023-08-02,2.1059545489339024,2.0094338396499647,1.312735505639599
2023-08-03,2.107727151058265,2.0117340862329356,1.3128455114344912
2023-08-04,2.114006377923384,2.017676787414416,1.3037034344059892
2023-08-07,2.109035781124898,2.0129446364736077,1.3126646756975888
2023-08-08,2.1020672174998363,2.0063416351608514,1.3211598810433063
2023-08-09,2.10767927748315,2.0116240362110562,1.3094074385855825
2023-08-10,2.095700523105797,2.0002888839574915,1.3093516521710789
2023-08-11,2.09087714141458,1.9957768330604413,1.294613696316937
2023-08-14,2.0783491341233047,1.9841115307412387,1.29583598292685
2023-08-15,2.063395260770089,1.9703552780063298,1.280384713143436
2023-08-16,2.058539641848404,1.965953277131159,1.2750956595975669
2023-08-17,2.0736634074361042,1.9795994798441885,1.2711564492385938
2023-08-18,2.064767691949132,1.9714557782251225,1.2798425193395515
2023-08-21,2.0681628936976977,1.974537178837742,1.28047027320613
2023-08-22,2.070942682533313,1.9770683293409654,1.275146744909725
2023-08-23,2.074920396782984,1.9806999800629812,1.2767648643371556
2023-08-24,2.0649540545993617,1.9715658282470017,1.292122112073653
2023-08-25,2.067621483945917,1.9739869287283458,1.30231222151845
2023-08-28,2.069435505251362,1.9756376790565346,1.2985215659936047
2023-08-29,2.0793348000495544,1.9846617808506348,1.2983238062882572
2023-08-30,2.0805974108615506,1.9855716986643606,1.2991922565949414
2023-08-31,2.1003528967326353,2.0055774182630954,1.3036824361488444
2023-09-01,2.1084927182505004,2.0128670945830422,1.3095892145429542
2023-09-04,2.1179718800387963,2.02103447576344,1.3089821455266974
2023-09-05,2.1500461321270934,2.053064034546492,1.2988841776878788
2023-09-06,2.1419565993548337,2.042106387031456,1.2933939169616087
2023-09-07,2.124439462240619,2.0265491004603167,1.298277422078445
2023-09-08,2.124439462240619,2.0265491004603167,1.293855251805145
2023-09-11,2.124439462240619,2.0265491004603167,1.2851463030061043
2023-09-12,2.124439462240619,2.0265491004603167,1.3016318153055983
2023-09-13,2.124439462240619,2.0265491004603167,1.3046010315472176
2023-09-14,2.124439462240619,2.0265491004603167,1.299740405128464
2023-09-15,2.124439462240619,2.0265491004603167,1.2939047700831876
2023-09-18,2.124439462240619,2.0265491004603167,1.3089091217369258
2023-09-19,2.124439462240619,2.0265491004603167,1.294871003318665
2023-09-20,2.145287079628862,2.0488593082593636,1.287211653970034
2023-09-21,2.1386902558907654,2.0416624670338646,1.2813788395861652
2023-09-22,2.147319359964813,2.0510183606270136,1.2677305992557841
2023-09-25,2.140734510654893,2.0438215194015146,1.266046664395512
2023-09-26,2.1357653033413952,2.03842388848239,1.2714425896680426
2023-09-27,2.1377622788470907,2.0405829408500398,1.2820539178830248
2023-09-28,2.126467186775482,2.0283483107666913,1.2763915968108976
2023-09-29,2.154565317931355,2.0567440431448785,1.2639540470379766
2023-10-02,2.1350295328141042,2.0355133615296563,1.2590279185932047
2023-10-03,2.134345228476664,2.034911370103717,1.2651490672542838
2023-10-04,2.1309215113953734,2.031901412974021,1.2811801396603486
2023-10-05,2.130578035974452,2.0316004172610516,1.2694082659795953
2023-10-06,2.137793346207554,2.037921327233413,1.3049924766692127
2023-10-09,2.1135622913575003,2.016550631612571,1.3053773402479236
2023-10-10,2.1135622913575003,2.016550631612571,1.3163359232228502
2023-10-11,2.1135622913575003,2.016550631612571,1.3030738000984725
2023-10-12,2.1135622913575003,2.016550631612571,1.3036316642435097
2023-10-13,2.1135622913575003,2.016550631612571,1.2926056988016263
2023-10-16,2.1170642020676875,2.020324664257032,1.2760590721716367
2023-10-17,2.075179838357715,1.975036272523503,1.2640280110482174
2023-10-18,2.075179838357715,1.975036272523503,1.2377131205572625
2023-10-19,2.075179838357715,1.975036272523503,1.2310635679925135
2023-10-20,2.075179838357715,1.975036272523503,1.235648709813802
2023-10-23,2.075179838357715,1.975036272523503,1.2359326563954893
2023-10-24,2.0775794742246005,1.97729176550433,1.2303966382730531
2023-10-25,2.087659918058781,1.9867885780551824,1.221517822975917
2023-10-26,2.098392746427567,1.9969976515473487,1.2259823031703294
2023-10-27,2.09999872227259,1.9985408835868625,1.237095082302199
2023-10-30,2.1040692043774354,2.002458318764089,1.235689452700799
2023-10-31,2.104929312087704,2.003289289862289,1.2579604549538808
2023-11-01,2.111231598014397,2.0097706763888614,1.2679725493231824
2023-11-02,2.1545597803129426,2.054347548658384,1.266029113613421
2023-11-03,2.1440118078973,2.0436925649590596,1.261598167949075
2023-11-06,2.172455412360681,2.0706342583153323,1.2605582841101801
2023-11-07,2.1472442400979723,2.0479571863756125,1.2758371801409139
2023-11-08,2.162787271503466,2.0671785810305496,1.2629906344639066
2023-11-09,2.192370119361038,2.0953645852412834,1.267316588842529
2023-11-10,2.147450381041307,2.0503774524191987,1.295589018350283
2023-11-13,2.1541494226061317,2.057234038257284,1.309313103131843
2023-11-14,2.234425873548257,2.139971223706101,1.2965179561738167
2023-11-15,2.2690896957921844,2.1722460847483576,1.3128126037180705
2023-11-16,2.2273845070411458,2.132150654982289,1.3172990223900969
2023-11-17,2.27483323979374,2.181108355129505,1.3117717796587063
2023-11-20,2.2878235641533293,2.194591257307225,1.3213839669217902
2023-11-21,2.274662499110166,2.180987261367513,1.329242016196238
2023-11-22,2.275738384714025,2.1841209274502185,1.3310497467516167
2023-11-23,2.275832653634762,2.183662772058424,1.329609955806504
2023-11-24,2.2709434934269583,2.1790378431500974,1.3224166424037551
2023-11-27,2.254582059302779,2.159705242911943,1.3332793228908268
2023-11-28,2.2460595841645214,2.15187037255749,1.332958394304019
2023-11-29,2.237341823062736,2.143916792046151,1.3435581264665482
2023-11-30,2.225670559815999,2.1333515880833276,1.3456993218816569
2023-12-01,2.260922933813323,2.164928489814912,1.3540572550388765
2023-12-04,2.2466572195310763,2.151751662400604,1.3670965459120625
2023-12-05,2.245355488712645,2.1505645608317474,1.3656025355865613
2023-12-06,2.2659467109087443,2.169320765619681,1.3810528651495062
2023-12-07,2.2526349299713604,2.1569749093035733,1.3970384935662281
2023-12-08,2.268437440549045,2.1714575484436227,1.3940197590465664
2023-12-11,2.271886661188501,2.174662722679536,1.3868706360058682
2023-12-12,2.2563484745832207,2.1601800835394855,1.4122456194344826
2023-12-13,2.2533782356343073,2.1574497499311156,1.424891584744735
2023-12-14,2.3043942113189546,2.2042215517440638,1.4175697745445337
2023-12-15,2.3480442935241284,2.2514920628346657,1.4237620665544461
2023-12-18,2.3537241907735065,2.2563519424210163,1.4275257690925085
2023-12-19,2.3835751943682872,2.288524121426811,1.4181473833194234
2023-12-20,2.3516250569408546,2.255497256653461,1.4192869305280498
2023-12-21,2.3395798509592773,2.2439576228609126,1.4271860360963176
2023-12-22,2.340133452614766,2.2455835614308315,1.4264285318049945
2023-12-27,2.357281646670491,2.263215089604653,1.4306438535750787
2023-12-28,2.363939912357694,2.2702410407195726,1.4299647009895193
2023-12-29,2.3565569300950013,2.263069499874487,1.407102613468157
2024-01-02,2.3331291711408406,2.235764005678558,1.4102432632419868
2024-01-03,2.3331291711408406,2.235764005678558,1.3958923648143176
2024-01-04,2.3331291711408406,2.235764005678558,1.4077789453923086
2024-01-05,2.3331291711408406,2.235764005678558,1.3999873383643486
2024-01-08,2.3331291711408406,2.235764005678558,1.398324088354398
2024-01-09,2.323082768934814,2.2242898884366524,1.3949258181720172
2024-01-10,2.3242750105406307,2.2256397845827585,1.4066995722937088
2024-01-11,2.315044607603562,2.2151780894504327,1.3974465492498451
2024-01-12,2.3351545503896944,2.237788849897718,1.3874858535995245
2024-01-15,2.3272162584510068,2.230673801834974,1.3719985420314593
2024-01-16,2.3240454784643942,2.228345033968498,1.379225703371098
2024-01-17,2.305073377120858,2.2105595612002165,1.3720637306506547
2024-01-18,2.3024146996385957,2.207522294871476,1.391524727328229
2024-01-19,2.3263981860931646,2.234857691830135,1.3956645180539569
2024-01-22,2.308121208200177,2.2135968275289564,1.4037946044508156
2024-01-23,2.3252184023349933,2.2331703216475023,1.4107371923951209
2024-01-24,2.3467159237958612,2.2581434003504737,1.4151574822274826
2024-01-25,2.3547037727949234,2.2675926733732203,1.4139223459378245
2024-01-26,2.372198278626733,2.286204874323881,1.4141031816747271
2024-01-29,2.367556439048622,2.2811618230198256,1.4070797347700739
2024-01-30,2.355534168969842,2.2702222774798937,1.4119823577031165
2024-01-31,2.3625592840725567,2.2784490202736065,1.4143225664508652
2024-02-01,2.347514360236072,2.261829898135698,1.3975910297952732
2024-02-02,2.317855023300379,2.2296167821320245,1.408125573338607
2024-02-05,2.2969559965484225,2.20701857570158,1.4074743139602994
2024-02-06,2.2969559965484225,2.20701857570158,1.408706002774904
2024-02-07,2.2969559965484225,2.20701857570158,1.405077378577578
2024-02-08,2.2969559965484225,2.20701857570158,1.4140834370448747
2024-02-09,2.2969559965484225,2.20701857570158,1.4052848538944402
2024-02-12,2.2969559965484225,2.20701857570158,1.4108421836808442
2024-02-13,2.2969559965484225,2.20701857570158,1.4246822289869345
2024-02-14,2.2969559965484225,2.20701857570158,1.4388231448431572
2024-02-15,2.3105593142762513,2.2197123774183747,1.4396643287562356
2024-02-16,2.325844160897704,2.2341432256858877,1.4423295403794918
2024-02-19,2.3217931410378823,2.2302682756881294,1.4424404863948532
2024-02-20,2.3046912414299237,2.213966761904457,1.4500907469456155
2024-02-21,2.3049758239132765,2.214233999835337,1.4555098643230524
2024-02-22,2.3066828972877724,2.2158374274206163,1.4574163180276933
2024-02-23,2.307693652212435,2.2214620511388516,1.4595593938837406
2024-02-26,2.319086645749848,2.2406112471000186,1.462542400025574
2024-02-27,2.309956383365006,2.229205308814111,1.465883943572982
2024-02-28,2.293655363139894,2.2133007411603844,1.471074273969589
2024-02-29,2.3142119435663666,2.2345146746617264,1.467412428649019
2024-03-01,2.3399686416617294,2.261444174646238,1.4636311753288658
2024-03-04,2.3296223535656777,2.251431059082377,1.4706706059814947
2024-03-05,2.3010393566523817,2.2201873726156602,1.4771010871769286
2024-03-06,2.3763232468252595,2.309388903114947,1.4867355263244495
2024-03-07,2.396728744961115,2.3261087244660894,1.4818031297432164
2024-03-08,2.408327478221792,2.344293622997944,1.5072348398068036
2024-03-11,2.4053523520380966,2.338898063398816,1.510556325317536
2024-03-12,2.461021017642906,2.3916046601136993,1.5107882463665965
2024-03-13,2.5093676379440546,2.434253198427133,1.5142350946065508
2024-03-14,2.5029223140311356,2.4247322189210014,1.49701119583194
2024-03-15,2.549579499616134,2.4724430555444337,1.5030618279578318
2024-03-18,2.4865205179078216,2.41100579666974,1.5049447761507437
2024-03-19,2.4767378483253566,2.4069589311534783,1.5321835899560636
2024-03-20,2.4808370503252335,2.4099416421223516,1.527414478329642
2024-03-21,2.5016741204119572,2.425153468063606,1.5240741884095261
2024-03-22,2.505290998658336,2.4278379079355923,1.5372899273240919
2024-03-25,2.477016406566972,2.4054952364758737,1.5361180992126908
2024-03-26,2.465776293673037,2.391964863589049,1.527632296071665
2024-03-27,2.4656376656697945,2.391842452855137,1.5217935269581582
2024-03-28,2.4679946067582104,2.3939234353316405,1.5247470728586243
2024-04-02,2.4679946067582104,2.3939234353316405,1.5308848320813255
2024-04-03,2.48203235242876,2.406341267300298,1.5205270499861945
2024-04-04,2.5095319194863754,2.430942632521223,1.531186642851927
2024-04-05,2.512142411054561,2.4320682418339334,1.5258114024297178
2024-04-08,2.5377722410763863,2.4539694282941764,1.5291808391843777
2024-04-09,2.5749671272858583,2.4865189170621136,1.5179430107301095
2024-04-10,2.5768786063697156,2.486500884251874,1.5223686284784632
2024-04-11,2.5440401944997912,2.461016422596109,1.5323299509424302
2024-04-12,2.581424969525533,2.4956156240106373,1.5131165456550688
2024-04-15,2.568401613644547,2.4819525627317938,1.5213259239781607
2024-04-16,2.5438193373136535,2.4621535189532198,1.5288630446658003
2024-04-17,2.561987697711256,2.4792573252496726,1.5193802944206378
2024-04-18,2.5651779122773712,2.48230320856274,1.5250491970360491
2024-04-19,2.5575893527506417,2.4750399483546572,1.5465476514703012
2024-04-22,2.5506942533979537,2.4684795842957437,1.5451837049763677
2024-04-23,2.5506942533979537,2.4684795842957437,1.5368846923018824
2024-04-24,2.5506942533979537,2.4684795842957437,1.5573438897108853
2024-04-25,2.546544401516648,2.464552541382909,1.564627464278674
2024-04-26,2.5676064152241334,2.484418758471365,1.5611035179602482
2024-04-29,2.6149234127828023,2.530750711312044,1.5420577853232214
2024-04-30,2.626576472875619,2.5445580343879013,1.5511368675802895
2024-05-02,2.607415244321938,2.5258746825347798,1.5668322812788629
2024-05-03,2.621863236789255,2.541855831783704,1.5847892386125983
2024-05-06,2.637849225507385,2.5605344274841326,1.5840119896914229
2024-05-07,2.688204279894916,2.6090152357973104,1.6077293644329012
2024-05-08,2.68742848652539,2.6020657121321054,1.6058260447964912
2024-05-10,2.741093530895011,2.661142666201285,1.6107784994143997
2024-05-13,2.7273393075726435,2.6518036791945554,1.6075156209795782
2024-05-14,2.748843321273891,2.679334905991469,1.5966770728178816
2024-05-15,2.7884306728881043,2.7265810232953758,1.592929667434618
2024-05-16,2.7738074722790613,2.7138536288066604,1.61127618944941
2024-05-17,2.7758088030067762,2.708994804426847,1.6108612388156858
2024-05-20,2.868980473597888,2.783779698486493,1.6127623646043348
2024-05-21,2.8805878706392063,2.7955407506162544,1.6170234437705848
2024-05-22,2.8122608205032598,2.7328734587820427,1.6066368282477332
2024-05-23,2.8119850275425358,2.7325150927028736,1.6101852202983573
2024-05-24,2.815846886516991,2.737532217811241,1.6016082157718223
2024-05-27,2.8169472565390765,2.738965682127917,1.581538269637053
2024-05-28,2.8169472565390765,2.738965682127917,1.58739960404182
2024-05-29,2.8169472565390765,2.738965682127917,1.5941513272308847
2024-05-30,2.8169472565390765,2.738965682127917,1.5989944028675471
2024-05-31,2.8169472565390765,2.738965682127917,1.584110712840685
2024-06-03,2.8169472565390765,2.738965682127917,1.5975903403002627
2024-06-04,2.8160786326548526,2.73834945846553,1.606078964102696
2024-06-05,2.8217281731215986,2.742354912271047,1.5920772008759094
2024-06-07,2.7962323249127947,2.707129581352812,1.583657839981371
2024-06-10,2.7807438310477886,2.692367383272833,1.608238023706719
2024-06-11,2.768142648649504,2.680859724644987,1.583748414553234
2024-06-12,2.8224199554857687,2.7498328374340315,1.5681313525604241
2024-06-13,2.785861591358853,2.701589348707268,1.566241509417405
2024-06-14,2.773835867496386,2.6861363562244756,1.5711243877205954
2024-06-17,2.7785698807102466,2.6921667923153216,1.5636051312218697
2024-06-18,2.7594032626219342,2.6676681456962625,1.5755822863717237
2024-06-19,2.7594032626219342,2.6676681456962625,1.5882987682171634
2024-06-20,2.779736966767826,2.6932974990823553,1.5681109811169256
2024-06-24,2.7954426020364194,2.713672851325088,1.5750369584996087
2024-06-25,2.7715429337713084,2.6852093233826095,1.5662333608400056
2024-06-26,2.7522343332076984,2.6641306376064646,1.5733292047207843
2024-06-27,2.734896415993733,2.6466451410037455,1.5827458261262823
2024-06-28,2.7520985207960655,2.6665957250656986,1.5639423569634767
2024-07-01,2.758926804149369,2.6744427811265443,1.5707642832809057
2024-07-02,2.7552609727904103,2.67318410690126,1.574809111739248
2024-07-03,2.770240200399984,2.6845686710519026,1.5654185031000638
2024-07-04,2.8015443266955415,2.7173034862122463,1.5701757052672092
2024-07-05,2.809737513553166,2.735048869295969,1.5517520851739455
2024-07-08,2.797707726849535,2.7211877791369994,1.560436588240788
2024-07-09,2.7951092367007586,2.720781808244921,1.5762814969939585
2024-07-10,2.818416200688072,2.751310890954826,1.610775678752992
2024-07-11,2.8498357244679635,2.7931470413350667,1.5952739504710662
2024-07-12,2.857867331465978,2.8040772067497244,1.6003505141909042
2024-07-15,2.8504314234049217,2.7939008458464225,1.5905364929337733
2024-07-16,2.8484934844029954,2.7912625300566773,1.590679406445086
2024-07-17,2.8501568382625013,2.793523943590745,1.574049413600164
2024-07-18,2.8011451059811,2.726812244335766,1.588009493719484
2024-07-19,2.8011451059811,2.726812244335766,1.5898444906684688
2024-07-22,2.8011451059811,2.726812244335766,1.574257515730672
2024-07-23,2.8011451059811,2.726812244335766,1.5689932213238242
2024-07-24,2.8011451059811,2.726812244335766,1.5790206726274554
2024-07-25,2.8011451059811,2.726812244335766,1.5797872657166472
2024-07-26,2.8011451059811,2.726812244335766,1.589123654975443
2024-07-29,2.8011451059811,2.726812244335766,1.5982575834265458
2024-07-30,2.8011451059811,2.726812244335766,1.5601880566301058
2024-07-31,2.8011451059811,2.726812244335766,1.5110819085597986
2024-08-01,2.7641512570663065,2.6886576502886967,1.4769349815607098
2024-08-02,2.7221635555205776,2.6597220895525417,1.4718508960771182
2024-08-05,2.7221635555205776,2.6597220895525417,1.4958472028911152
2024-08-06,2.7221635555205776,2.6597220895525417,1.5013553278062997
2024-08-07,2.743735223365818,2.6911377875862725,1.5063792391798645
2024-08-08,2.7376412845006097,2.6824382806864215,1.5077945843927791
2024-08-09,2.7489747920966705,2.6985416601709082,1.515179389364414
2024-08-12,2.7541717323135138,2.701170314665545,1.5281863993348253
2024-08-13,2.758914440929351,2.706584652400977,1.545726212187075
2024-08-14,2.754520831475119,2.6996888074228362,1.552025375923649
2024-08-15,2.812145499558252,2.75773696688271,1.5567634602745883
2024-08-16,2.816988787515934,2.7712617182200305,1.5484716559570333
2024-08-19,2.861411704571382,2.817453793607788,1.5464172742319104
2024-08-20,2.8496334823716505,2.8057567489144795,1.556929565890807
2024-08-21,2.863007022688123,2.820230978811605,1.5680655371275827
2024-08-22,2.8649723858301437,2.8296141720699026,1.5728760184546473
2024-08-23,2.8927395111956766,2.8545036765836485,1.5665188744558083
2024-08-26,2.9170307892208895,2.8812329833051034,1.570065072658671
2024-08-27,2.9048953865761926,2.866292124660767,1.5856059767934785
2024-08-28,2.9001309657781422,2.85960621449302,1.590542761070234
2024-08-29,2.893944919506364,2.850953860158288,1.5868809157496646
2024-08-30,2.8973336137915005,2.855673326159051,1.5720511316963677
2024-09-02,2.8973336137915005,2.855673326159051,1.5511838786037477
2024-09-03,2.8973336137915005,2.855673326159051,1.5374497648038497
2024-09-04,2.8973336137915005,2.855673326159051,1.5201030105546016
2024-09-05,2.8973336137915005,2.855673326159051,1.538760118731041
2024-09-06,2.8973336137915005,2.855673326159051,1.5291513789430105
2024-09-09,2.8973336137915005,2.855673326159051,1.525594524908164
2024-09-10,2.8973336137915005,2.855673326159051,1.5382063288747034
2024-09-11,2.8973336137915005,2.855673326159051,1.5471769723709947
2024-09-12,2.8973336137915005,2.855673326159051,1.549973814859934
2024-09-13,2.9241925250041634,2.8931674821836535,1.5659992459431837
2024-09-16,2.9424301486968587,2.919094292200666,1.558858271479885
2024-09-17,2.9573958855367977,2.9406334882147998,1.5886770502525904
2024-09-18,2.9387389674352575,2.9135100561970018,1.5802451530851298
2024-09-19,2.9645831966524185,2.9506053382213433,1.5831216009071247
2024-09-20,2.963698175500883,2.9548880392664585,1.5868981531249324
2024-09-23,2.9766631071107548,2.968155794232859,1.5997017620671814
2024-09-24,2.9818296420950863,2.9422426654690734,1.6190145173174508
2024-09-25,2.984449885424624,2.9445308729266233,1.6171876689458657
2024-09-26,3.0764792914155503,3.017799461778441,1.6092177334355875
2024-09-27,3.1019853514915567,3.035646882569465,1.6010563063564232
2024-09-30,3.1050750355719976,3.038014698829057,1.6067659518588318
2024-10-01,3.0862053193830534,3.023754728736812,1.5907279845026594
2024-10-02,3.1037586235004837,3.0378024086902786,1.5964279143935531
2024-10-03,3.0617185933242763,3.0064992620106863,1.595841216820795
2024-10-04,3.1084629347095065,3.0448782873429194,1.5867872071095712
2024-10-07,3.0981937129305894,3.035955093876801,1.5910899693832874
2024-10-08,3.0293564112847875,2.974947066409742,1.5782161573126745
2024-10-09,3.0372210684709597,2.9836080712839017,1.5872936725356273
2024-10-10,2.99510550421237,2.9298952257881186,1.5937407642926833
2024-10-11,3.0173877522288293,2.9596863957431503,1.5807491112566017
2024-10-14,3.0198275240115087,2.962996525738154,1.5826054198695538
2024-10-15,3.015260331748938,2.956790031997522,1.586114949474119
2024-10-16,3.0122062850237796,2.952652369503768,1.5931214724103273
2024-10-17,3.025059344453933,2.9700305519775365,1.5820064994306966
2024-10-18,3.002907741269548,2.939825615773129,1.579125977320002
2024-10-21,2.9952079778303955,2.9294814595387426,1.5851531039341646
2024-10-22,2.989945080091572,2.9224474332993604,1.5831620303872989
2024-10-23,2.9538071838769375,2.8832395640191884,1.591879127763739
2024-10-24,2.9759733618499356,2.9062990059769693,1.6114097007560313
2024-10-25,2.9718561665134446,2.9042157452341573,1.6032300960811297
2024-10-28,2.9770612686862954,2.9107000070738303,1.583858420348126
2024-10-29,2.9843097287599,2.916233724810761,1.5617597918477244
2024-10-30,2.9573416222023674,2.8866914639628996,1.5708595589551142
2024-10-31,2.94818942191403,2.878125384330007,1.5799276719733755
2024-11-01,2.952942649518889,2.882546586721178,1.5812439806302048
2024-11-04,2.9736712882539797,2.9018893471825478,1.5683472898615087
2024-11-05,2.9838931007749867,2.911560727413232,1.5889575493592243
2024-11-06,2.9487953011061063,2.878125384330007,1.5743038999404841
2024-11-07,2.994554518797596,2.9206794573450208,1.5851828775823547
2024-11-08,2.9416545142123622,2.8649141496269457,1.5469165313010365
2024-11-11,2.939030119820222,2.8659365746061027,1.5458901239555325
2024-11-12,2.8546391826322375,2.7717458115017646,1.55747364013563
2024-11-13,2.8552458427496816,2.7722984618006605,1.5443055390581688
2024-11-14,2.847969013586892,2.7656666582139056,1.5424141288810342
2024-11-15,2.8580260470217094,2.7747853881456943,1.5341467702956775
2024-11-18,2.872249598928742,2.7877726701697565,1.5286182739369947
2024-11-19,2.8695526509485276,2.785285743824723,1.5358905658591533
2024-11-20,2.8665503987504226,2.782522492330242,1.5468372393748036
2024-11-21,2.866249543334937,2.782246167180794,1.5458214878612837
2024-11-22,2.8959366595222886,2.819145261168927,1.5355743383746912
2024-11-25,2.950175265099367,2.88205132118808,1.5367308095517624
2024-11-26,2.923946315560218,2.854043282117871,1.5436511456116309
2024-11-27,2.932995664900785,2.8647746298678918,1.5466795957428072
2024-11-28,2.941823875619838,2.869817556424499,1.5677756358162571
2024-11-29,3.0015976685116206,2.9432961420817816,1.5835030170107822
2024-12-02,3.0148510302725224,2.940450574708153,1.5962282742472673
2024-12-03,3.0724781683728093,2.9900658762648704,1.6034297362274157
2024-12-04,3.071304486022037,2.9824381213463247,1.6084658704670796
2024-12-05,3.0727543627354077,2.993151385120532,1.61063903337814
2024-12-06,3.0481825345989155,2.967297613217498,1.596909934087411
2024-12-09,3.057910259298449,2.9739590065408117,1.592574577504097
2024-12-10,3.0429276106437544,2.9636338468896746,1.5836760175771083
2024-12-11,3.0404870206448424,2.9619684985588464,1.5728268135834278
2024-12-12,3.0311978658945207,2.955640174901698,1.565604353346135
2024-12-13,3.0311978658945207,2.955640174901698,1.558507569244887
2024-12-16,3.0523547037909924,2.9842660597957136,1.5613109932771103
2024-12-17,3.040023873725957,2.9673507641765227,1.526529730868159
2024-12-18,3.0546868807712957,2.987302138496594,1.522562940708757
2024-12-19,2.9751229434116713,2.878003305264899,1.519622871301682
2024-12-20,3.0001407952735253,2.910532719917189,1.5321224756255678
2024-12-23,2.992922608758213,2.9009907582858503,1.5277770900239163
2024-12-27,3.017979021874056,2.933953898466838,1.5435934787561887
2024-12-30,2.9969663818243855,2.9092341453538673,1.5451846451968367
2025-01-02,3.0263876815539446,2.940022152834444,1.5647105170867834
2025-01-03,3.031341782322845,2.9476855045156847,1.5635631347075805
2025-01-07,3.0672797605854165,2.9830965566896217,1.568664770973263
2025-01-08,3.0766334169043494,2.998134543370099,1.552758747889597
2025-01-09,3.115803052632242,3.036725056827379,1.5472747552997876
2025-01-10,3.0700799484272805,2.988881948926456,1.551216472913345
2025-01-13,3.0548660987608747,2.9611176605386027,1.5817416706652154
2025-01-14,3.0803233162505483,2.9848190991962533,1.5909874853521486
2025-01-15,3.0955936083200037,2.9992711959387237,1.610397396717565
2025-01-16,3.1105866768760047,3.0174758077002792,1.6099529858424737
2025-01-17,3.1244735002478916,3.0284318879405467,1.6233248013549206
2025-01-20,3.1358870408399127,3.037364674636868,1.6292140289669392
2025-01-21,3.1351581295149504,3.042011828744512,1.6443882471187727
2025-01-22,3.1321783569057726,3.044256562320399,1.64259242602267
2025-01-23,3.2179399208438406,3.1594977531936905,1.6285568148589937
2025-01-24,3.1860771970376516,3.1053365593112434,1.6216095258123426
2025-01-27,3.167074548576764,3.0851964548569235,1.6349594028471754
2025-01-28,3.164207731170011,3.0725521241379585,1.6380254617971188
2025-01-29,3.162268878393559,3.071273385643932,1.643085728362158
2025-01-30,3.1491655543118173,3.0626419008092505,1.6197673205064278
2025-01-31,3.1374204147153164,3.05496946984509,1.6233530079689955
2025-02-03,3.1181905866194657,3.0425017695283287,1.6175969782567747
2025-02-04,3.1181905866194657,3.0425017695283287,1.6406546316357236
2025-02-05,3.1181905866194657,3.0425017695283287,1.6246586607938407
2025-02-06,3.1181905866194657,3.0425017695283287,1.6360641618984433
2025-02-07,3.123709019654807,3.0477194099768976,1.6413469473078512
2025-02-10,3.1297579236625888,3.053458814470323,1.6487928666099818
2025-02-11,3.1122288690450683,3.036762365034903,1.6766613147228184
2025-02-12,3.128018548220464,3.0516326403133243,1.6721946406806445
2025-02-13,3.1428276839037803,3.0657202695244603,1.688362045054738
2025-02-14,3.141469269448428,3.064415859412318,1.6969879410456692
2025-02-17,3.1504425652063954,3.0730249661524565,1.6680351053250642
2025-02-18,3.1434127414254682,3.0662420335693175,1.678106433583923
2025-02-19,3.127660370680464,3.0511108762684676,1.6775962072759902
2025-02-20,3.143298672533866,3.065981151546889,1.6710453778605034
2025-02-21,3.1375939562497757,3.0605026290758914,1.6778842281463775
2025-02-24,3.1242343712779093,3.0477194099768976,1.7011468495876039
2025-02-25,3.1242343712779093,3.0477194099768976,1.6884899150385446
2025-02-26,3.1242343712779093,3.0477194099768976,1.677864483516525
2025-02-27,3.1242343712779093,3.0477194099768976,1.6902098916834678
2025-02-28,3.1242343712779093,3.0477194099768976,1.6357122060361529
2025-03-03,3.1242343712779093,3.0477194099768976,1.6774301016597715
2025-03-04,3.1242343712779093,3.0477194099768976,1.6829908789212287
2025-03-05,3.1242343712779093,3.0477194099768976,1.6806456556643112
2025-03-06,3.149094009156351,3.068209280390804,1.6691361034944547
2025-03-07,3.1704695964584464,3.0868890759639633,1.6335117767314868
2025-03-10,3.1429949080036543,3.055919445826609,1.6358112425922382
2025-03-11,3.0847733374381896,3.0115844344520695,1.6305369191670527
2025-03-12,3.0882754162662955,3.0095651814262734,1.6518037659590674
2025-03-13,3.083443302518292,3.0027456239885275,1.6535369056905593
2025-03-14,3.1366103770383047,3.056751065320231,1.6537280838526223
2025-03-17,3.1645772670110093,3.084806772794373,1.6490702316483854
2025-03-18,3.187536947005859,3.110015794750526,1.6434210736628265
2025-03-19,3.1818880198356867,3.1102266377397014,1.6211099553363937
2025-03-20,3.191056449496183,3.124836525831801,1.6219755849816704
2025-03-21,3.172767777626699,3.1051195583250437,1.628519206040227
2025-03-24,3.193798568346148,3.136140604706761,1.6066565728775857
2025-03-25,3.1977157528911815,3.1378020981342023,1.5977326269979293
2025-03-26,3.1447112134131574,3.070775525088443,1.5804281826697937
2025-03-27,3.124603986096552,3.052681990241235,1.5514195605346848
2025-03-28,3.0994418027169996,3.030331153077037,1.5611959729730494
2025-03-31,3.0629025536428234,2.998401385699611,1.5475361365902154
2025-04-01,3.0629025536428234,2.998401385699611,1.4925504765194042
2025-04-02,3.0629025536428234,2.998401385699611,1.4312731744757723
2025-04-03,3.0629025536428234,2.998401385699611,1.364302524084531
2025-04-04,3.0629025536428234,2.998401385699611,1.4005257712863566
2025-04-07,3.0629025536428234,2.998401385699611,1.3620328318719697
2025-04-08,3.0629025536428234,2.998401385699611,1.4281717005548242
2025-04-09,3.0629025536428234,2.998401385699611,1.4264514105030777
2025-04-10,3.0629025536428234,2.998401385699611,1.4647212042594495
2025-04-11,3.074527141946358,3.010480514306884,1.4972791586656518
2025-04-14,3.156658893133727,3.1054122792915315,1.4859482483849362
2025-04-15,3.1904042829437187,3.1480820732557215,1.4752914761806115
2025-04-16,3.158641226089478,3.0869440387147535,1.4806830137576195
2025-04-17,3.1141498867968505,3.0383604395249875,1.4986271214116094
2025-04-22,3.1642610259631634,3.0890919037432383,1.5035422806175744
2025-04-23,3.2382296881309203,3.175563073153214,1.521172668041687
2025-04-24,3.2847539057087727,3.214731813416518,1.5218471195249004
2025-04-25,3.3114338712862095,3.243851708793579,1.511646667654943
2025-04-28,3.28799772128667,3.2234118179175257,1.5304905662979227
2025-04-29,3.3215772384041906,3.2538584797507544,1.5483992589809077
2025-04-30,3.3344515687856022,3.2628488651853034,1.5497848305456319
2025-05-02,3.3610675615121797,3.281578834840614,1.5283440429668218
2025-05-05,3.3563513769076256,3.2782074403026584,1.5300470956433005
2025-05-06,3.3610808527792666,3.281578834840614,1.5442434845072037
2025-05-07,3.3631769431146448,3.2830772324130386,1.5440964967071913
2025-05-08,3.3668405345559465,3.2856994281647824,1.593946359168607
2025-05-09,3.3720628713553196,3.2894454220958447,1.5961373862685815
2025-05-12,3.407465106225192,3.314918180827067,1.5899400797495002
2025-05-13,3.407465106225192,3.314918180827067,1.6053230268454883
2025-05-14,3.4125653383853853,3.3186641747581285,1.606555655880562
2025-05-15,3.4176503709265647,3.3224101686891907,1.6096192075759206
2025-05-16,3.4176503709265647,3.3224101686891907,1.6185660321536597
2025-05-19,3.4011642963660833,3.2953242034183075,1.608956038738337
2025-05-20,3.3835213429821156,3.276512494186651,1.5797327329294357
2025-05-21,3.370251448896078,3.259274966006933,1.5658384682429567
2025-05-22,3.370251448896078,3.259274966006933,1.5856072304207707
2025-05-23,3.370251448896078,3.259274966006933,1.589978628788736
2025-05-26,3.370251448896078,3.259274966006933,1.5851593720706256
2025-05-27,3.370251448896078,3.259274966006933,1.5762423211410768
2025-05-28,3.3722597026494427,3.26201124700338,1.5669234826643716
2025-05-30,3.3738643943946958,3.264200271800538,1.5709824144297515
2025-06-02,3.3594358937771847,3.2444990486261234,1.5853546245213885
2025-06-03,3.34456833869655,3.2297459186368775,1.5923244788592996
2025-06-04,3.3764156341346965,3.2594942411420114,1.5868599174925198
2025-06-05,3.3991777058086003,3.284178670227345,1.5864502947747874
2025-06-09,3.3907792919984616,3.2861308635265494,1.5783904115062928
2025-06-10,3.4154737887107083,3.313551573608329,1.567051979461824
2025-06-11,3.4058975431753016,3.306926599099542,1.5532348128538167
2025-06-12,3.3588741539249307,3.253594522574746,1.5694736739835669
2025-06-13,3.3415797492819324,3.240079723638964,1.5543662114850438
2025-06-16,3.3647535060698135,3.2580015222277177,1.552592642273378
2025-06-17,3.3197851999412493,3.22274552500394,1.5453592127972782
2025-06-18,3.333651340699793,3.2333223241710733,1.5307745128796102
2025-06-19,3.3114957571360724,3.2162819255129143,1.5487089049220855
2025-06-23,3.316916187464601,3.2203951251890213,1.543566525769406
2025-06-24,3.316916187464601,3.2203951251890213,1.547637993807708
2025-06-25,3.316916187464601,3.2203951251890213,1.5826373873655053
2025-06-26,3.316916187464601,3.2203951251890213,1.574635797766099
2025-06-27,3.3594891443313104,3.274040610056543,1.5730712709054104
2025-06-30,3.336110966277751,3.250299190986409,1.5928588374926076
2025-07-01,3.332482194899845,3.239176878110803,1.5973706421173013
2025-07-02,3.4035532449121773,3.301185255404801,1.5866533823961269
2025-07-03,3.4145141007766693,3.3292749286338545,1.5878612522921791
2025-07-04,3.376172003141747,3.2893236301069813,1.5928469280333315
2025-07-07,3.3792444341000905,3.302519602618837,1.6017479952149047
2025-07-08,3.4037119375115132,3.321829811376432,1.6294459500159995
2025-07-09,3.4005825906945444,3.327842085531323,1.6071893644767783
2025-07-10,3.46951766219674,3.4059246719818392,1.5991294812082837
2025-07-11,3.454623981189491,3.3886431785813325,1.5992156680846237
2025-07-14,3.44016166395075,3.3762854912872626,1.5865211247167978
2025-07-15,3.4342588940159726,3.368458824564037,1.6138749588261787
2025-07-16,3.4473771490848484,3.386533658903168,1.6082364566726037
2025-07-17,3.43524723916346,3.368169315489103,1.6113698980895033
2025-07-18,3.417365127157589,3.353042286045922,1.602329051464848
2025-07-21,3.478702449952725,3.398748743492314,1.6371870985454477
2025-07-22,3.4842224474931136,3.403007109092909,1.6420323680298714
2025-07-23,3.4926597096843475,3.4095366030138217,1.645883197664743
2025-07-24,3.474771100321482,3.395625942051877,1.6352580795495468
2025-07-25,3.474771100321482,3.395625942051877,1.6437373011472887
2025-07-28,3.474771100321482,3.395625942051877,1.646020783260064
2025-07-29,3.474771100321482,3.395625942051877,1.6296546789601538
2025-07-30,3.474771100321482,3.395625942051877,1.6003082042697918
2025-07-31,3.474771100321482,3.395625942051877,1.6123586966162406
2025-08-01,3.474771100321482,3.395625942051877,1.6187255562265943
2025-08-04,3.474771100321482,3.395625942051877,1.6211149698455627
2025-08-05,3.474771100321482,3.395625942051877,1.638756953322128
2025-08-06,3.474771100321482,3.395625942051877,1.6445813057217744
2025-08-07,3.474771100321482,3.395625942051877,1.63686209566994
2025-08-08,3.474771100321482,3.395625942051877,1.648482593855158
2025-08-11,3.4592299299993687,3.3843727774762873,1.6508394131645283
2025-08-12,3.46218881284087,3.386496016075455,1.6634979147477027
2025-08-13,3.46218881284087,3.386496016075455,1.6684108801059068
2025-08-14,3.46218881284087,3.386496016075455,1.6589632314249259
2025-08-15,3.46218881284087,3.386496016075455,1.6805209197487354
2025-08-18,3.445084131115123,3.361810758791975,1.6775984011237515
2025-08-19,3.445084131115123,3.361810758791975,1.6721307056887413
2025-08-20,3.445084131115123,3.361810758791975,1.6991482542769845
2025-08-21,3.445084131115123,3.361810758791975,1.6859767057244697
2025-08-22,3.445084131115123,3.361810758791975,1.6786157196713867
2025-08-25,3.432810814521582,3.3492625639609415,1.6715286511816534
2025-08-26,3.4199092416424897,3.330836736341441,1.6705852966442591
2025-08-27,3.425242433442322,3.338396050236621,1.6591895111511716
2025-08-28,3.424910143722353,3.337923593118172,1.6621465045266914
2025-08-29,3.4132777463395017,3.321387593972466,1.6288156888948366
2025-09-01,3.421643623168765,3.333199021933685,1.6411820953189242
2025-09-02,3.386677921910106,3.2835910244965674,1.6477125532909127
2025-09-03,3.39449856369765,3.2944575382208883,1.6597874913695596
2025-09-04,3.3581197577081467,3.2593458060449243,1.668378285796309
2025-09-05,3.360486297354171,3.2626530058740655,1.6637564753767227
2025-09-08,3.3587982893687607,3.260290720281821,1.6613711360464545
2025-09-09,3.346294462353302,3.2428098068992184,1.6656419308242194
2025-09-10,3.340165717916758,3.2343055787671404,1.6652746180275992
2025-09-11,3.3743397072549692,3.281551290612015,1.6666078506528734
2025-09-12,3.367305645923586,3.2716296911245912,1.6519209801108896
2025-09-15,3.40733255351173,3.3278520882199913,1.6530837194244221
2025-09-16,3.3714469033920818,3.281412111830941,1.6649671659341827
2025-09-17,3.35593006002551,3.2695422328085257,1.6722695449113545
2025-09-18,3.3592623309618874,3.2720677389835076,1.673041779323361
2025-09-19,3.365913677028538,3.2771187513334716,1.687896322515679
2025-09-22,3.3891017448754037,3.2947972945583452,1.6716091967351785
2025-09-23,3.411976792811116,3.312475837783218,1.6578036261796243
2025-09-24,3.4558317066966007,3.3468227217629725,1.6723673278401476
2025-09-25,3.45551722569681,3.346570171145474,1.6770549536925747
2025-09-26,3.4630661437212704,3.352631385965431,1.6838627767029668
2025-09-29,3.5144265025176433,3.394049687235134,1.6929001758525686
2025-09-30,3.507428077447695,3.3882410230326756,1.7128196867122716
2025-10-01,3.5175095273698074,3.3965751934101163,1.7257041546148686
2025-10-02,3.5214583722623645,3.3998583514375924,1.7335991858944366
2025-10-03,3.5505538196964967,3.424103210717419,1.7214715954695166
