Date,Portfolio,Buy&Hold,OMXS30GI
2020-10-05,1.0,1.0,1.0
2020-10-06,1.0,0.9859644936750463,0.999712605943259
2020-10-07,1.0,0.992762251552056,0.9997517817961408
2020-10-08,1.0,0.9822619104284106,1.0009339523327028
2020-10-09,1.0,0.9881096559524375,1.000212176419208
2020-10-12,1.0,0.9803418580245654,1.0085403359282374
2020-10-13,1.0,0.9822978179419705,0.9966180269724181
2020-10-14,1.0,1.0056515892281992,1.0006396633258545
2020-10-15,1.0,0.9837993354322071,0.9854742205650663
2020-10-16,1.0,1.0013520962671325,0.997623122653954
2020-10-19,1.0,1.002214212049711,1.0010383168047798
2020-10-20,1.0,1.002043326102872,1.0010373765843108
2020-10-21,1.0,0.9816355938158022,0.9896939300306732
2020-10-22,1.0,0.9717610117206005,0.9881328506450383
2020-10-23,1.0,1.0022440156032901,0.9904147657236987
2020-10-26,1.0,0.974401161407016,0.9659652726435646
2020-10-27,1.0,0.9794410581406154,0.9599770084754609
2020-10-28,1.0,0.9558738386496491,0.9374778460551955
2020-10-29,1.0,0.9526008196033899,0.9347812937496337
2020-10-30,1.0,0.9618705702091394,0.9356506842767871
2020-11-02,1.0,0.9714737130798818,0.9524295453626603
2020-11-03,1.0,0.9966670565222614,0.9654208849919188
2020-11-04,1.0,1.0172040259389965,0.9785739425418735
2020-11-05,1.0,1.0446575639918492,0.9931150789111369
2020-11-06,1.0,1.0423474497324277,0.9916461411314801
2020-11-09,1.0,1.0637130844150693,1.0293712338293832
2020-11-10,1.0,1.0536068986307454,1.0276274382659076
2020-11-11,1.0,1.0696949470635033,1.0370844891515796
2020-11-12,1.0,1.0619108885307658,1.0313717095809407
2020-11-13,1.0,1.0636983016349002,1.0340359809837276
2020-11-16,1.0,1.081243730011401,1.0455706056994285
2020-11-17,1.0,1.0807982769289353,1.0476077500492833
2020-11-18,1.0,1.0863181742971835,1.0477885857861857
2020-11-19,1.0,1.0812341422836926,1.043902654587132
2020-11-20,1.0,1.0861411594577381,1.049936676151402
2020-11-23,1.0,1.092209234591071,1.0473748887797538
2020-11-24,1.0,1.0984780490900725,1.0562957005911795
2020-11-25,1.0,1.0875019549444795,1.0530882951640388
2020-11-26,1.0,1.085596449594165,1.0533832109845331
2020-11-27,1.0,1.1019546248886531,1.0571641508978635
2020-11-30,1.0,1.0919427954912748,1.0464951558274393
2020-12-01,1.0,1.0996054570716858,1.0500191021458654
2020-12-02,1.0,1.106434056606126,1.047801748872754
2020-12-03,1.0,1.11373174988497,1.0446905593402913
2020-12-04,1.0,1.0891395955021543,1.0472924627852904
2020-12-07,1.0,1.090044078614834,1.0421958410287766
2020-12-08,1.0,1.1034752385032267,1.0519725668739643
2020-12-09,1.0,1.102130923481773,1.052474644604498
2020-12-10,1.0,1.1007545315046385,1.0421469495643803
2020-12-11,1.0,1.086374998016723,1.0336210303500033
2020-12-14,1.0,1.0887884920068267,1.0333110710020024
2020-12-15,1.0,1.099548769348284,1.0328676003473802
2020-12-16,1.0,1.0939282801701764,1.0341911173611398
2020-12-17,1.0,1.0950295904929632,1.0303205430964155
2020-12-18,1.0,1.1031805167399913,1.0312538686154722
2020-12-21,0.9947385728378823,1.0973377214753768,1.0084237485900611
2020-12-22,0.9965111329409456,1.1062925208924066,1.0183543571853686
2020-12-23,0.995186425552523,1.1111517467570586,1.020929307643585
2020-12-28,0.9981749733770051,1.1309899521520255,1.030977130390715
2020-12-29,1.015452421203452,1.1545989564563035,1.034630200320239
2020-12-30,1.006922459292231,1.1413557046979868,1.0246165389168223
2021-01-04,0.9999033546964042,1.1548252789620774,1.0359590452499907
2021-01-05,1.001748662666601,1.156945293287004,1.0342428294869437
2021-01-07,1.036559670013383,1.1969560959135428,1.0600048703420304
2021-01-08,1.0551033068151934,1.2181249555179299,1.0654042430896147
2021-01-11,1.04164914650942,1.2027316864201056,1.0610958394930832
2021-01-12,1.0488988593300048,1.211240289309117,1.070459181738662
2021-01-13,1.0340108643144537,1.194068045667503,1.0724508820991738
2021-01-14,1.040135576178766,1.2011851111428438,1.0778956988361013
2021-01-15,1.012327913070103,1.1690343752904084,1.0683204935781376
2021-01-18,1.0106396006143616,1.1674905902005717,1.0725402030437445
2021-01-19,1.0318164731771038,1.188363456477836,1.0700414104435303
2021-01-20,1.036194408830289,1.197838071665431,1.0812551065724232
2021-01-21,1.046060189134668,1.2166696971139352,1.0861144793638844
2021-01-22,1.0485678295470389,1.2129430561505385,1.085554421371086
2021-01-25,1.042236339392884,1.196081377822203,1.079444241948814
2021-01-26,1.0965027471193154,1.259274345008602,1.0885151756284825
2021-01-27,1.0918302285045378,1.242578328108815,1.080066041085754
2021-01-28,1.0918302285045378,1.2470237857244855,1.077446586858664
2021-01-29,1.098357088869867,1.2427872499087693,1.0650889558256218
2021-02-01,1.1127999307125322,1.2921659674198585,1.0809460874448915
2021-02-02,1.132457730011085,1.3252494214497643,1.0867848565583982
2021-02-03,1.1389265220981992,1.3310926315025986,1.0917940378112796
2021-02-04,1.129040409887032,1.3180380177202968,1.0965358830440954
2021-02-05,1.1122593414286455,1.2955894639258911,1.0872505790974574
2021-02-08,1.1173270891083156,1.3076082585921227,1.0944507874503133
2021-02-09,1.1079359850515262,1.2959039277951172,1.0926324010629507
2021-02-10,1.1043421418098038,1.2891717812547456,1.0920174968761176
2021-02-11,1.1128120960472014,1.3038401614727475,1.0985771016826498
2021-02-12,1.1199875019564276,1.3133778788682402,1.106587780079925
2021-02-15,1.1349737176156554,1.3299588589017406,1.1145464329445731
2021-02-16,1.1386678367693615,1.3216015766485565,1.1149776807330962
2021-02-17,1.1317042505877801,1.3073609496156975,1.103590357224231
2021-02-18,1.145078068216187,1.3229445543746559,1.1027996318096642
2021-02-19,1.1721481190028342,1.3549739907386629,1.1146401415846665
2021-02-22,1.174029539635742,1.339122482654826,1.1113923066773517
2021-02-23,1.1712151239683761,1.3287940474490527,1.1036204442792443
2021-02-24,1.186956236409944,1.3422606773967616,1.1147943377416092
2021-02-25,1.1907978228112786,1.347931770737711,1.1162140706500465
2021-02-26,1.1689030080160174,1.3177813612760063,1.1003249715348253
2021-03-01,1.1797901346166713,1.3477946254326376,1.12482993762264
2021-03-02,1.192227485392385,1.3621794605033217,1.1316368204125626
2021-03-03,1.1856492243029806,1.3542287047047867,1.135292397596671
2021-03-04,1.1518615793380018,1.3160343956898288,1.1305699835868845
2021-03-05,1.1425337604176435,1.299793038811031,1.1214899611093474
2021-03-08,1.139039773382727,1.3148405581281493,1.151345721887173
2021-03-09,1.144472903614912,1.3204226102645353,1.1632501666540782
2021-03-10,1.1474805087558086,1.309895847357935,1.1685154012813952
2021-03-11,1.163542401426742,1.3560553776272755,1.1855935658832855
2021-03-12,1.155573982504815,1.3533455843187385,1.1874009830318413
2021-03-15,1.1568170364055865,1.3469839184567158,1.183495620609758
2021-03-16,1.1734072284569734,1.376063093141488,1.1935208780656281
2021-03-17,1.1663392471286487,1.3662044089947845,1.1895330896490814
2021-03-18,1.1679798657947327,1.375772725521262,1.1934362582234033
2021-03-19,1.1709427560997738,1.3680488679454836,1.1875222714723634
2021-03-22,1.17501953938987,1.375768679636165,1.1905043373937279
2021-03-23,1.1767428737949706,1.368868525733869,1.1869409018155972
2021-03-24,1.1814636930265632,1.3801552531908092,1.195961690403577
2021-03-25,1.189342746919452,1.3801737123999012,1.1915172682458401
2021-03-26,1.1895127229163307,1.3925633277348257,1.2081027573218888
2021-03-29,1.1987789055778857,1.4067817783308287,1.1998557701800303
2021-03-30,1.2202071472089997,1.4408031342576535,1.2126086072169442
2021-03-31,1.230861690962219,1.448664164337733,1.2089624322375274
2021-04-01,1.2332180422951025,1.4480321472203521,1.2164732267520304
2021-04-06,1.2427633361973636,1.4752505071522635,1.231739273103019
2021-04-07,1.239136950060214,1.4733598344473684,1.2313578569993617
2021-04-08,1.2515531331287957,1.4875542749252588,1.2373461211674655
2021-04-09,1.260241917697527,1.4883571711896713,1.2428699164238026
2021-04-12,1.250077194507369,1.4640412181627376,1.2333664813283185
2021-04-13,1.264619980840957,1.4880502052408378,1.2420237180015552
2021-04-14,1.259284590180761,1.4873368601665045,1.2320442179418511
2021-04-15,1.258380100500163,1.496282463978023,1.2402416868056667
2021-04-16,1.2687651870145171,1.5170588500619917,1.261275358921329
2021-04-19,1.2598901845340444,1.5041323786404466,1.248936218890847
2021-04-20,1.231000129423065,1.4509448603659656,1.2197339113390901
2021-04-21,1.234455140517698,1.4557901556929116,1.2328922968050369
2021-04-22,1.233444617318191,1.4584707188982498,1.2351770325451048
2021-04-23,1.233444617318191,1.4544953795312214,1.2403463646845672
2021-04-26,1.233444617318191,1.4683486374320303,1.242235894420763
2021-04-27,1.233444617318191,1.4547445629877445,1.2524658065320877
2021-04-28,1.233444617318191,1.431573214654037,1.2427226152169668
2021-04-29,1.233444617318191,1.436244849712935,1.239628349652949
2021-04-30,1.233444617318191,1.4174550589429928,1.2313729005268683
2021-05-03,1.233444617318191,1.416624793455866,1.2394644378844915
2021-05-04,1.2304435355242294,1.3759553796672173,1.2189087111739874
2021-05-05,1.2430651876224716,1.432391140758269,1.2527403509090835
2021-05-06,1.2400432364470995,1.4351134502446798,1.249154663446516
2021-05-07,1.2564066713219335,1.4537845571852426,1.256669845656542
2021-05-10,1.2699949035937705,1.4689464866531123,1.2593830085237254
2021-05-11,1.2484584466692368,1.4435549175070095,1.2197646252077494
2021-05-12,1.2625830381899161,1.460161323151756,1.2264583681345493
2021-05-14,1.2327561105776206,1.425458041791613,1.2498570081369815
2021-05-17,1.233558521201155,1.4282803184122905,1.2401373223335896
2021-05-18,1.2277802356537637,1.4330421887218403,1.25085928315711
2021-05-19,1.2101316398818645,1.3881582972376918,1.2240767896861575
2021-05-20,1.2192320227857512,1.4176538580970968,1.2456307171280905
2021-05-21,1.2216086933954697,1.4169084927321396,1.2459431837306758
2021-05-24,1.2202097405224834,1.4362288701667538,1.2482786913760786
2021-05-25,1.2208568949857679,1.4406485043824755,1.2472397477576527
2021-05-26,1.2181632737365715,1.4324049285000306,1.2382860282298063
2021-05-27,1.22389911715413,1.449843366448393,1.248022951408466
2021-05-28,1.2222908397334282,1.4671477756698375,1.2541356380853226
2021-05-31,1.218420789581238,1.4572682478484278,1.2465806532087689
2021-06-01,1.2266431284205361,1.504466725145006,1.2591792940887399
2021-06-02,1.2237228891176064,1.5002383830965869,1.261556798248432
2021-06-03,1.2067067395389495,1.4797853187636136,1.2640859913104825
2021-06-04,1.2055726581896784,1.4766524528036735,1.2630160204165741
2021-06-07,1.207635575354351,1.4810411116324296,1.2609494158253522
2021-06-08,1.2256412591245098,1.5039168043627562,1.2649353238009604
2021-06-09,1.2309431465546135,1.5104939629047867,1.2634958462626706
2021-06-10,1.2241722833597917,1.5018251792315767,1.2610678836044669
2021-06-11,1.2315282141099981,1.5058005299316166,1.267006002680882
2021-06-14,1.226959188201485,1.4984486217924744,1.270364783603558
2021-06-15,1.2064026024945893,1.4945029227836597,1.2678243078958775
2021-06-16,1.201524458223227,1.487109297829275,1.2713470005870111
2021-06-17,1.2001373078201565,1.4675749690042135,1.2637866877944655
2021-06-18,1.1898991696491787,1.427992703807212,1.2500005484619405
2021-06-21,1.1898991696491787,1.4407137757287696,1.259925829141256
2021-06-22,1.1898991696491787,1.4582143593788601,1.2611133275938098
2021-06-23,1.1898991696491787,1.452496483366539,1.2467878151188079
2021-06-24,1.1898991696491787,1.4882987336492974,1.262745863735101
2021-06-28,1.1898991696491787,1.4905203438889003,1.2546270599838723
2021-06-29,1.1898991696491787,1.5207696837409816,1.2676475464476749
2021-06-30,1.1898991696491787,1.4909502503462235,1.25840361220168
2021-07-01,1.1898991696491787,1.4987506986801575,1.2643856082333227
2021-07-02,1.1898991696491787,1.5260122215195755,1.2727488693065343
2021-07-05,1.1900196535667211,1.5312638302405546,1.2783854910191708
2021-07-06,1.200499632295368,1.5349494661018293,1.2726188054749665
2021-07-07,1.2117469168188453,1.583229194290882,1.2934036325731233
2021-07-08,1.2012857923570999,1.5561875840059478,1.2733130015880325
2021-07-09,1.20578100260915,1.5768297691012243,1.2897656061711058
2021-07-12,1.226126439890366,1.6087766966084829,1.2998842588602462
2021-07-13,1.2292186939241463,1.6109995988113939,1.3062558195729457
2021-07-14,1.2254175762490496,1.6122251574721946,1.3102320119370392
2021-07-15,1.2246845314788235,1.6144979702576447,1.3036429468891397
2021-07-16,1.2241115233831468,1.6113033529847753,1.3004819256718112
2021-07-19,1.2065802166633661,1.5696697220465605,1.2719343249734152
2021-07-20,1.2136946221253848,1.5873113404912633,1.280873314380578
2021-07-21,1.2358112889148858,1.6236516368268472,1.2980176078221328
2021-07-22,1.288590045007122,1.7098608464852934,1.3080115245956974
2021-07-23,1.2944601536004625,1.7281674248451342,1.3259944946957463
2021-07-26,1.3013807913347282,1.7536719591830259,1.3276467754668901
2021-07-27,1.2884791286432375,1.727787209109928,1.3211489118044994
2021-07-28,1.2859473375392463,1.7285925669044333,1.3244393700397494
2021-07-29,1.2833038657827613,1.7315968394497598,1.3257199503187505
2021-07-30,1.2792201621525856,1.7090512342782798,1.3177685058110327
2021-08-02,1.290625257574187,1.732912257558552,1.324309933021828
2021-08-03,1.3023371037666773,1.7578212602762082,1.3234681222951032
2021-08-04,1.3212805495681728,1.7961007482054177,1.3306742853775975
2021-08-05,1.3192558201796052,1.7747004503738761,1.3309936469302899
2021-08-06,1.3121958044275994,1.7599486841240373,1.323645197150129
2021-08-09,1.3103382779573174,1.7490438360883882,1.3260339839554511
2021-08-10,1.3152404039504237,1.7617809759536163,1.3310259278330645
2021-08-11,1.3168947943956444,1.7742150280265374,1.3353358984637111
2021-08-12,1.3050518661252428,1.7507136306662223,1.337872299882692
2021-08-13,1.3050518661252428,1.7551990983456072,1.3387156776435318
2021-08-16,1.3050518661252428,1.7217836641439384,1.3200867760811674
2021-08-17,1.3050518661252428,1.7180216845841578,1.325595841216821
2021-08-18,1.3050518661252428,1.7148588632082848,1.318877965964646
2021-08-19,1.3050518661252428,1.65015458227653,1.296031862191259
2021-08-20,1.3050518661252428,1.6642764937475778,1.3128285874660464
2021-08-23,1.3050518661252428,1.6895029998481377,1.3189779427412003
2021-08-24,1.3050518661252428,1.6863364544446935,1.3164738222249943
2021-08-25,1.3050518661252428,1.7038693938425482,1.3215412971469638
2021-08-26,1.3050518661252428,1.672329482376034,1.3190603687356637
2021-08-27,1.3050518661252428,1.6956134559111853,1.3198586159139836
2021-08-30,1.3050518661252428,1.6995069437361312,1.3196740192952046
2021-08-31,1.3050518661252428,1.6816920027471218,1.3076837010587823
2021-09-01,1.3050518661252428,1.6396590168839207,1.317373613213984
2021-09-02,1.3050518661252428,1.6621025342880262,1.3283478665300632
2021-09-03,1.3050518661252428,1.6468355557368834,1.317965325295911
2021-09-06,1.3050518661252428,1.6302343893433429,1.3316079243034769
2021-09-07,1.3050518661252428,1.620184306499029,1.3225319761146392
2021-09-08,1.3050518661252428,1.5789131687326747,1.305477003617655
2021-09-09,1.3050518661252428,1.597459347354535,1.3089429696738157
2021-09-10,1.3050518661252428,1.623726430169383,1.3068741712348324
2021-09-13,1.3050518661252428,1.6008026628043766,1.2989007882495007
2021-09-14,1.3050518661252428,1.6102192892388523,1.3024786405414919
2021-09-15,1.3050518661252428,1.6050263537848857,1.2930087399760746
2021-09-16,1.3050518661252428,1.617938099091319,1.3037338348678256
2021-09-17,1.3050518661252428,1.5713673731666022,1.292344944324845
2021-09-20,1.3050518661252428,1.512643814782327,1.2639302281194242
2021-09-21,1.3050518661252428,1.5013415792324831,1.2652750567971516
2021-09-22,1.3050518661252428,1.5234602109300095,1.2787703545978817
2021-09-23,1.3050518661252428,1.5468646453107395,1.300383202522549
2021-09-24,1.3050518661252428,1.5105740668965002,1.2866280904655063
2021-09-27,1.3050518661252428,1.5012276235354916,1.2814769359217812
2021-09-28,1.3050518661252428,1.4715137412764143,1.2539463403641977
2021-09-29,1.3050518661252428,1.4742513163292827,1.2547947326342064
2021-09-30,1.3050518661252428,1.502071640498743,1.2575072686877438
2021-10-01,1.3050518661252428,1.4982149668282752,1.2547264099467805
2021-10-04,1.3050518661252428,1.4815119347943853,1.2463101831204726
2021-10-05,1.3050518661252428,1.5077565805131135,1.2583293347846158
2021-10-06,1.3050518661252428,1.4869882522003042,1.2394832422938749
2021-10-07,1.3050518661252428,1.5309448376999424,1.259948081025693
2021-10-08,1.3050518661252428,1.5098161400216235,1.2501748026555586
2021-10-11,1.3050518661252428,1.5144899555519291,1.2464336654087562
2021-10-12,1.3050518661252428,1.5414076393563754,1.2561944075059681
2021-10-13,1.3050518661252428,1.5739102040168724,1.2706725491037976
2021-10-14,1.3050518661252428,1.6279140436411605,1.2817320490757476
2021-10-15,1.3050518661252428,1.655867335767664,1.291891444651885
2021-10-18,1.3050518661252428,1.6571956848425504,1.2900636560598306
2021-10-19,1.3050518661252428,1.6663318645750458,1.2984118736055357
2021-10-20,1.3050518661252428,1.69271780574765,1.2981837134383518
2021-10-21,1.3050518661252428,1.7552342193481705,1.2975697494719878
2021-10-22,1.3128863007086171,1.7464708526277855,1.3118109555115882
2021-10-25,1.3110526606238286,1.7647568207729567,1.3013619720309484
2021-10-26,1.3235155268071,1.7989452366219467,1.3092197078985728
2021-10-27,1.311283034816913,1.7719283504348475,1.2984049786554284
2021-10-28,1.318182220439029,1.7893851523950053,1.2928542304123087
2021-10-29,1.310223506302311,1.7701154176554719,1.284392246189835
2021-11-01,1.307010914489611,1.7693958575576454,1.2907863721937944
2021-11-02,1.320775680854471,1.7824308901627193,1.2910157859882705
2021-11-03,1.334107218671618,1.813700042385463,1.2994269983054094
2021-11-04,1.35067553992645,1.8417166180480473,1.3063771080134678
2021-11-05,1.3703880430076252,1.870935880087672,1.3038964930089907
2021-11-08,1.3586603935030255,1.848646482573228,1.3077924532263823
2021-11-09,1.3650838759337196,1.8532360235635974,1.3051413449101636
2021-11-10,1.3676132573419266,1.8647433503555166,1.3075561444817991
2021-11-11,1.3839553927558141,1.9089154580009928,1.3159899220901978
2021-11-12,1.4089887458939703,1.9520840229470817,1.3266391725307696
2021-11-15,1.4058910020517794,1.9444330910335477,1.3337356432251943
2021-11-16,1.4088871343113858,1.9515369263512916,1.3399997053975863
2021-11-17,1.4085361410043824,1.9501519031526169,1.339141910922886
2021-11-18,1.4104675667773876,1.956782195385651,1.3329276804353598
2021-11-19,1.4153704956252793,1.9711373968979282,1.3334256838771934
2021-11-22,1.4169355938511825,1.9890743241558606,1.3308892824582128
2021-11-23,1.3830998798172638,1.9025338868376138,1.3116423426407848
2021-11-24,1.39240446943218,1.915215200288312,1.312872777828097
2021-11-25,1.39240446943218,1.9104331703646282,1.3123587906382876
2021-11-26,1.39240446943218,1.8721364947902144,1.259943379923347
2021-11-29,1.39240446943218,1.9328819077538195,1.2768548120953722
2021-11-30,1.39240446943218,1.9473622687782335,1.2596528517983754
2021-12-01,1.39240446943218,1.9547248208817534,1.2872223098020177
2021-12-02,1.39240446943218,1.9218780703961338,1.2717559964910974
2021-12-03,1.39240446943218,1.8976607417682672,1.2591868158524933
2021-12-06,1.39240446943218,1.838016815922428,1.2843038654657335
2021-12-07,1.39240446943218,1.933933989741358,1.3120149833533967
2021-12-08,1.39240446943218,1.963759427365596,1.3073558775218672
2021-12-09,1.414818750860478,1.9972865211961313,1.3058606135690738
2021-12-10,1.3982581391970976,1.9575207133450743,1.3012754717477852
2021-12-13,1.3964770931644148,1.943197203466088,1.2982498422780164
2021-12-14,1.3861325779646887,1.8952861630729683,1.2847742891071385
2021-12-15,1.3773897412022886,1.9066743595148565,1.2887573764213391
2021-12-16,1.4000026444320706,1.9487403085752364,1.2986306315680276
2021-12-17,1.3912217211570743,1.9267160944629171,1.2957607652893168
2021-12-20,1.3820467549036866,1.904481469392936,1.2844082299378108
2021-12-21,1.3992761890698946,1.9460415581530819,1.303404130889972
2021-12-22,1.4023456551975635,1.9667432823574478,1.31199273146896
2021-12-23,1.404338755901369,1.9449851537549667,1.3405509879993394
2021-12-27,1.401291318276524,1.9619525464143486,1.3523438599372373
2021-12-28,1.4033334887038407,1.9592951909499103,1.3601326463037897
2021-12-29,1.4105094367110178,1.9502299581358553,1.359250092690068
2021-12-30,1.4016644752777425,1.944447880613524,1.3597167554495961
2022-01-03,1.4102261256502941,1.9622311118364237,1.3734580776064242
2022-01-04,1.4196920822206405,1.9742857664175668,1.380191623199752
2022-01-05,1.4199183539382807,1.9538344111027246,1.3726839627534797
2022-01-07,1.4066693026460317,1.879082925911571,1.3491624672764102
2022-01-10,1.381434743805246,1.8203507227061417,1.3220668803892264
2022-01-11,1.3830761524214115,1.839264623551358,1.3369330196339972
2022-01-12,1.3929012835588312,1.8707955411399648,1.3481642665449813
2022-01-13,1.3997328842896801,1.8606124835388007,1.3474810396707224
2022-01-14,1.389400028829593,1.797442599430176,1.3251896659741422
2022-01-17,1.4011375683919172,1.828171053675409,1.3279034556549716
2022-01-18,1.406541201752356,1.8070680932661511,1.3052444557549485
2022-01-19,1.4225066204707995,1.8188384887202538,1.31095441466418
2022-01-20,1.4164275323491293,1.8254373681120788,1.323064454307009
2022-01-21,1.4083721342787285,1.7743331180061153,1.300336504905914
2022-01-24,1.3914668038240876,1.669900462160208,1.2497200493553067
2022-01-25,1.3914668038240876,1.6614551065416407,1.2585634496814377
2022-01-26,1.3914668038240876,1.6632304363889396,1.2846294951548873
2022-01-27,1.3914668038240876,1.6321706910190417,1.2756469421993197
2022-01-28,1.3914668038240876,1.6085429555133965,1.2737896933658983
2022-01-31,1.3914668038240876,1.6437370038690904,1.2869048286902636
2022-02-01,1.3914668038240876,1.6847126990926793,1.2998529181779406
2022-02-02,1.3914668038240876,1.7073934028273596,1.306189063919635
2022-02-03,1.3914668038240876,1.6833348836893034,1.2798860828879561
2022-02-04,1.3914668038240876,1.6403968276634278,1.2667555906292614
2022-02-07,1.3914668038240876,1.6402794561967775,1.2804345448283017
2022-02-08,1.3914668038240876,1.616113706370739,1.278047951870741
2022-02-09,1.3914668038240876,1.6655679720029284,1.2998190702410508
2022-02-10,1.3914668038240876,1.6645051055216697,1.3004477643280983
2022-02-11,1.3908960158989814,1.639852698050042,1.288935078090011
2022-02-14,1.3851834480663092,1.6218755499343818,1.2592614066763803
2022-02-15,1.3850682465154054,1.6493372704215201,1.2823547884331572
2022-02-16,1.3850682465154054,1.65241779600126,1.2718710167951583
2022-02-17,1.3850682465154054,1.6204069185768457,1.2526203160958536
2022-02-18,1.3850682465154054,1.5937373166602067,1.2349585879894356
2022-02-21,1.3850682465154054,1.5628490012216985,1.2133711260174362
2022-02-22,1.3850682465154054,1.5796596492659607,1.2125935636894376
2022-02-23,1.3850682465154054,1.5503303867503497,1.203666170334728
2022-02-24,1.3850682465154054,1.5406141472248855,1.1684006943841572
2022-02-25,1.3850682465154054,1.5818868217475959,1.2040823745957445
2022-02-28,1.3850682465154054,1.589325252896151,1.1998927521851508
2022-03-01,1.39749624967186,1.5782252844019231,1.1722634334783049
2022-03-02,1.4269521758357109,1.6414868367071707,1.1787860562797168
2022-03-03,1.4388845902241871,1.6085118985287483,1.1517851182530954
2022-03-04,1.423099358432698,1.538776365684548,1.1163801762662655
2022-03-07,1.4225819430173285,1.5468805364594314,1.113535069126576
2022-03-08,1.4225819430173285,1.5416684346164569,1.1088637404289474
2022-03-09,1.3921357690894627,1.573633710269295,1.1479834934894435
2022-03-10,1.3921357690894627,1.5781733044114883,1.1464697385340898
2022-03-11,1.3921357690894627,1.6398265097271238,1.1643925345241122
2022-03-14,1.3921357690894627,1.6412818791946309,1.1788114422323843
2022-03-15,1.3921357690894627,1.6112740095514624,1.172425464805824
2022-03-16,1.3921357690894627,1.7061864280387768,1.218573052466496
2022-03-17,1.3921357690894627,1.7352998216183995,1.2139888508656766
2022-03-18,1.3921357690894627,1.7473210574153029,1.225135791341259
2022-03-21,1.3921357690894627,1.7959947890813233,1.2263850309379547
2022-03-22,1.3921357690894627,1.7829965026326586,1.227357845716716
2022-03-23,1.3981978857971145,1.7737351248557875,1.215075432321207
2022-03-24,1.400621273702337,1.7446473166828727,1.2051971626653495
2022-03-25,1.4077697649261434,1.741628610414131,1.1940351786622607
2022-03-28,1.4005975122008216,1.7449395474501859,1.2054124731527882
2022-03-29,1.4005975122008216,1.74942676267994,1.222115489787482
2022-03-30,1.4005975122008216,1.787351253091079,1.2099897798035002
2022-03-31,1.4005975122008216,1.8127189957138554,1.1927765368608734
2022-04-01,1.4005975122008216,1.8285750982005444,1.2070240110369348
2022-04-04,1.4005975122008216,1.8527664107672674,1.2166061112450055
2022-04-05,1.4005975122008216,1.8659552482042845,1.2143743412580337
2022-04-06,1.3940692244225517,1.8045827026512447,1.1965427466535203
2022-04-07,1.39284536570311,1.8071052564773826,1.203775235909151
2022-04-08,1.4019933107551243,1.8401616631421003,1.2173811663184195
2022-04-11,1.3783474740398651,1.7666228577775058,1.19860809761745
2022-04-12,1.3783474740398651,1.7875394989448967,1.2011774067528513
2022-04-13,1.3783474740398651,1.798804351423086,1.1991054742456377
2022-04-14,1.3783474740398651,1.808120533376852,1.1958366410811783
2022-04-19,1.3768900619605209,1.8057669298191932,1.1987137157168195
2022-04-20,1.3600942669856642,1.8125568860511028,1.205119124366409
2022-04-21,1.3580352197881906,1.7915840240803826,1.2150274810772796
2022-04-22,1.3580352197881906,1.740218924315883,1.1970279004156088
2022-04-25,1.3580352197881906,1.651250035698986,1.171713091097021
2022-04-26,1.3580352197881906,1.5754642930807432,1.1532512353713449
2022-04-27,1.3580352197881906,1.5957979188057723,1.1725094578344026
2022-04-28,1.3580352197881906,1.5682275759368434,1.1689648266656554
2022-04-29,1.3580352197881906,1.5883006330620209,1.1818292365315768
2022-05-02,1.3580352197881906,1.5343904743771946,1.1604257443647104
2022-05-03,1.3580352197881906,1.5442416991357444,1.1685000443470654
2022-05-04,1.3580352197881906,1.4966412807209608,1.1563746477699068
2022-05-05,1.3580352197881906,1.4764557525232949,1.142543691261685
2022-05-06,1.3580352197881906,1.4365409699697862,1.1292301694183264
2022-05-09,1.3580352197881906,1.355441935315704,1.102080363150754
2022-05-10,1.3580352197881906,1.37732612100483,1.1183599671675013
2022-05-11,1.3580352197881906,1.4037831802243481,1.138134684074953
2022-05-12,1.3580352197881906,1.3753586308815497,1.135837412061963
2022-05-13,1.3580352197881906,1.431223448454064,1.1576263946211869
2022-05-16,1.3580352197881906,1.4415523777791377,1.153688437889506
2022-05-17,1.3580352197881906,1.48204002592993,1.166838047964407
2022-05-18,1.3580352197881906,1.457503348904891,1.1525651878356782
2022-05-19,1.3580352197881906,1.4577016766057176,1.1467292393835788
2022-05-20,1.3580352197881906,1.465362787830159,1.1477011139418714
2022-05-23,1.3580352197881906,1.487331565383543,1.1620413565375567
2022-05-24,1.3580352197881906,1.48586198885285,1.1518136382739934
2022-05-25,1.3580352197881906,1.4536070051610537,1.1407140222286924
2022-05-27,1.3580352197881906,1.5267600982798755,1.1846188706635856
2022-05-30,1.3580352197881906,1.5581027156162097,1.194507169337781
2022-05-31,1.3580352197881906,1.5321733928089776,1.175719683922951
2022-06-01,1.3580352197881906,1.5158503679828828,1.1749261378469766
2022-06-02,1.3580352197881906,1.5560255672738894,1.1947387769800182
2022-06-03,1.3580352197881906,1.5382242598976854,1.1911327180739522
2022-06-07,1.3580352197881906,1.546561056599326,1.1938932053714169
2022-06-08,1.3580352197881906,1.5415517000650514,1.191431394776323
2022-06-09,1.3580352197881906,1.4684766369968427,1.1765379891379464
2022-06-10,1.3580352197881906,1.395893558089617,1.145880220299924
2022-06-13,1.3580352197881906,1.3522119205147909,1.1261431122112389
2022-06-14,1.3580352197881906,1.3096313167372715,1.1116875359046692
2022-06-15,1.3580352197881906,1.3298949044513801,1.1205933041885883
2022-06-16,1.3580352197881906,1.2873731666020685,1.0880554078190614
2022-06-17,1.3580352197881906,1.273706502202004,1.0845634289965873
2022-06-20,1.3580352197881906,1.2774247862027386,1.0908823373630139
2022-06-21,1.3580352197881906,1.287072252481363,1.095568082774503
2022-06-22,1.3580352197881906,1.2643171837919802,1.0912242642069663
2022-06-23,1.3580352197881906,1.2243147381281039,1.0737844281312712
2022-06-27,1.3580352197881906,1.2759969355536969,1.1079178786369688
2022-06-28,1.3580352197881906,1.2650492124690327,1.1011818257890567
2022-06-29,1.3580352197881906,1.2449428045576838,1.0984025340822086
2022-06-30,1.3580352197881906,1.2035672432902904,1.077895385429278
2022-07-01,1.3580352197881906,1.1980914256701778,1.0797701850447905
2022-07-04,1.3580352197881906,1.2019966680946261,1.0899110896183677
2022-07-05,1.3580352197881906,1.1731214343512644,1.0741413985027304
2022-07-06,1.3580352197881906,1.200871602646485,1.1043672927385833
2022-07-07,1.3580352197881906,1.2545017475503695,1.1250349056849176
2022-07-08,1.3580352197881906,1.2632730904442313,1.1345091939458578
2022-07-11,1.3580352197881906,1.228664436330008,1.1151983191365267
2022-07-12,1.3580352197881906,1.2397187633871198,1.1332232857508648
2022-07-13,1.3580352197881906,1.2144004383608837,1.111616705962659
2022-07-14,1.3580352197881906,1.1973736482550563,1.0956389127165131
2022-07-15,1.3580352197881906,1.207728485977665,1.0958188082329465
2022-07-18,1.3580352197881906,1.2482843588575419,1.1111769961899134
2022-07-19,1.3580352197881906,1.2565120979897504,1.1287982948161572
2022-07-20,1.3580352197881906,1.2524138283139425,1.1289095542383416
2022-07-21,1.3580352197881906,1.2793335180614205,1.137346465914971
2022-07-22,1.3580352197881906,1.2979153820698162,1.1394923624324256
2022-07-25,1.3580352197881906,1.2935025612605935,1.1344214400354025
2022-07-26,1.3580352197881906,1.2658948545861297,1.1298616841667812
2022-07-27,1.3580352197881906,1.2755716280324305,1.1347035061761517
2022-07-28,1.3580352197881906,1.3428422342805464,1.148922773738138
2022-07-29,1.3580352197881906,1.390643439659647,1.16993388056254
2022-08-01,1.3580352197881906,1.3654634567044963,1.1576069633981574
2022-08-02,1.3580352197881906,1.3307967571720962,1.1477133368079704
2022-08-03,1.3580352197881906,1.3399787744028069,1.1544224366690998
2022-08-04,1.3580352197881906,1.378097340368867,1.1632000215623894
2022-08-05,1.3580352197881906,1.3662628046030159,1.1503892042632102
2022-08-08,1.3580352197881906,1.3790652158145373,1.161084212099948
2022-08-09,1.3580352197881906,1.3440871995901984,1.1441204409884727
2022-08-10,1.3580352197881906,1.3871488625056383,1.165879336492683
2022-08-11,1.3580352197881906,1.3884463517902759,1.1656627723779522
2022-08-12,1.3580352197881906,1.380016694659205,1.1702858364248305
2022-08-15,1.3580352197881906,1.3737352007869645,1.17267744389156
2022-08-16,1.3580352197881906,1.4111965858169626,1.1855007974636613
2022-08-17,1.3580352197881906,1.3784565163682687,1.1715820870449842
2022-08-18,1.3580352197881906,1.4018711028606787,1.1822727071861991
2022-08-19,1.3580352197881906,1.3652778049770051,1.173429933673714
2022-08-22,1.3580352197881906,1.3408270922439136,1.1492581190388065
2022-08-23,1.3580352197881906,1.3451726935621695,1.1432939871960777
2022-08-24,1.3580352197881906,1.3371117706923787,1.1421093094049315
2022-08-25,1.3580352197881906,1.3554017337240956,1.1442652349407239
2022-08-26,1.3580352197881906,1.3312692666861594,1.126328335643664
2022-08-29,1.3580352197881906,1.3284023434401129,1.1170912963477764
2022-08-30,1.3580352197881906,1.3067363612873393,1.1184502283325408
2022-08-31,1.3580352197881906,1.2986993431386549,1.1056704383088443
2022-09-01,1.3580352197881906,1.2287556704722917,1.0799058901991732
2022-09-02,1.3580352197881906,1.2828490692197676,1.1084378205564163
2022-09-05,1.3580352197881906,1.275089054804177,1.0933322384988315
2022-09-06,1.3580352197881906,1.2789687435543498,1.0959701837284819
2022-09-07,1.3580352197881906,1.2783230826244534,1.0928091625111533
2022-09-08,1.3580352197881906,1.3174020057163711,1.0983044377465925
2022-09-09,1.3580352197881906,1.3511744603786584,1.1137086965065481
2022-09-12,1.3580352197881906,1.4021028584121542,1.1370217764462862
2022-09-13,1.3580352197881906,1.3593996541164899,1.1161112732120848
2022-09-14,1.3580352197881906,1.332924960731115,1.10352046750269
2022-09-15,1.3580352197881906,1.3231595926009037,1.1008847161208009
2022-09-16,1.3580352197881906,1.296418647110422,1.083447700706513
2022-09-19,1.3580352197881906,1.2952087710709017,1.0813820363357602
2022-09-20,1.3580352197881906,1.275045737767714,1.069144753522771
2022-09-21,1.3580352197881906,1.2636878038663701,1.081874085047956
2022-09-22,1.3580352197881906,1.2144507410656205,1.058344127586664
2022-09-23,1.3580352197881906,1.1904389343342647,1.0468568273012444
2022-09-26,1.3580352197881906,1.180990538068719,1.043299659859575
2022-09-27,1.3580352197881906,1.1956935236372621,1.0534261477192914
2022-09-28,1.3580352197881906,1.2340955860186904,1.058836803112506
2022-09-29,1.3580352197881906,1.2199697000605185,1.034543386630253
2022-09-30,1.3580352197881906,1.2540871021262996,1.0544838957471008
2022-10-03,1.3580352197881906,1.255799356964929,1.0605564663506064
2022-10-04,1.3580352197881906,1.3061333453463255,1.1009922146611084
2022-10-05,1.3580352197881906,1.277903158283638,1.0855854486465684
2022-10-06,1.3580352197881906,1.2866400703553351,1.0856528311135252
2022-10-07,1.348398506984017,1.2487544068415124,1.0618586717003982
2022-10-10,1.348398506984017,1.2655579830866137,1.0595977548788824
2022-10-11,1.348398506984017,1.2486285322163517,1.0579774416036902
2022-10-12,1.348398506984017,1.2342752425831105,1.0581288170992256
2022-10-13,1.348398506984017,1.2568721273649164,1.071108247269208
2022-10-14,1.348398506984017,1.2551012581909342,1.078124485816931
2022-10-17,1.348398506984017,1.2946553835204415,1.1008239151971282
2022-10-18,1.348398506984017,1.3041140939597315,1.118233037404164
2022-10-19,1.348398506984017,1.25183371525582,1.1112418714022856
2022-10-20,1.348398506984017,1.2090276899469388,1.1005756969932692
2022-10-21,1.348398506984017,1.192910069154036,1.097986016414369
2022-10-24,1.348398506984017,1.2360128017697631,1.1194829038145058
2022-10-25,1.348398506984017,1.2776320726491368,1.134815392411982
2022-10-26,1.348398506984017,1.2938158022978812,1.138610749039173
2022-10-27,1.348398506984017,1.2805929794260509,1.1375498669431332
2022-10-28,1.348398506984017,1.2493997527136897,1.1410785143639048
2022-10-31,1.348398506984017,1.2422955785389027,1.137753894784942
2022-11-01,1.348398506984017,1.2741077746725327,1.1414912711498677
2022-11-02,1.348398506984017,1.2623029393298564,1.1446886475586706
2022-11-03,1.348398506984017,1.2368970021918044,1.1328603606497676
2022-11-04,1.348398506984017,1.2918389851061562,1.1558152165907545
2022-11-07,1.348398506984017,1.3167777460453456,1.161371919563512
2022-11-08,1.358281008334025,1.3361034114631145,1.1771936362117765
2022-11-09,1.3569247001376132,1.3222579812733317,1.1755379079655792
2022-11-10,1.3765687889404796,1.410520757543819,1.218888339730489
2022-11-11,1.3948269439072294,1.480970350575377,1.220713621067959
2022-11-14,1.3771753594649598,1.453562002905784,1.2203152809958564
2022-11-15,1.3691429422945736,1.4422500515652024,1.2145376262128451
2022-11-16,1.356536403752179,1.4063781757931408,1.2012291188786555
2022-11-17,1.344274205688147,1.3860556371532382,1.1966358284799674
2022-11-18,1.3542592275603282,1.3989427274932058,1.208379808953469
2022-11-21,1.3456608825811716,1.3998941666723332,1.2062426878270598
2022-11-22,1.3676554637431044,1.4148938028826645,1.214346448050782
2022-11-23,1.3761954899358433,1.4305069256033127,1.222033690606665
2022-11-24,1.3819067958695153,1.4460919299891881,1.2202478985288996
2022-11-25,1.376591372605624,1.42542742452781,1.2260333884824872
2022-11-28,1.3652829886747955,1.4067313815620972,1.2142383226968283
2022-11-29,1.367949104207103,1.423320053310486,1.211878055912404
2022-11-30,1.3736070350002276,1.4374226850624108,1.21777417847453
2022-12-01,1.3660455826719773,1.4472150824249923,1.2309062377673399
2022-12-02,1.3660455826719773,1.4422743676746246,1.233438251490798
2022-12-05,1.3660455826719773,1.4537823223153798,1.2393610136328834
2022-12-06,1.3590042508065414,1.4257744028069606,1.2229068420156948
2022-12-07,1.3461458580085344,1.4116296881835222,1.2096679109962232
2022-12-08,1.3574737992654644,1.434412279091274,1.2116674465273114
2022-12-09,1.3591804547837765,1.4519097166973791,1.2258973699212816
2022-12-12,1.3502713310612877,1.430123082171133,1.2215397614535308
2022-12-13,1.3615422812289983,1.475996451634107,1.2399430101032958
2022-12-14,1.3589967079747998,1.4798041995607323,1.2389777170882876
2022-12-15,1.3470098712123741,1.4457839440693216,1.2045095480955679
2022-12-16,1.3222026449944881,1.3898352690116933,1.1851475879740787
2022-12-19,1.331021323317611,1.3890427152535534,1.1862404375660702
2022-12-20,1.3283680480154525,1.3846629551054084,1.1795432471642167
2022-12-21,1.3353173969456928,1.4161770907706221,1.19617229978867
2022-12-22,1.325459272116323,1.3833235370782138,1.1835272746988865
2022-12-23,1.3298809604966602,1.396549245334766,1.1899170130073233
2022-12-27,1.3334642990255952,1.405466611814891,1.197608329851906
2022-12-28,1.3317396943967468,1.4062922556999382,1.1890093868477574
2022-12-29,1.3312822311506483,1.417097159040683,1.2021060311695622
2022-12-30,1.3241526208603018,1.3889230363857668,1.1836234905935643
2023-01-02,1.3322898066613922,1.4168713589867379,1.202363024764467
2023-01-03,1.3373428841110173,1.4241360879351028,1.2106281895020625
2023-01-04,1.334949276289801,1.430212981284665,1.2281927614933335
2023-01-05,1.3511928750244326,1.4685785581689477,1.2380929696268046
2023-01-09,1.3890476377448904,1.5255373490726198,1.2695931760051975
2023-01-10,1.3891199108890941,1.5304491521774113,1.2631523523846029
2023-01-11,1.3955375796187999,1.55202868838525,1.278845258828592
2023-01-12,1.4117344989981155,1.570239414400631,1.2889695528405472
2023-01-13,1.4142190163894475,1.5741477450707066,1.2842838074290581
2023-01-16,1.416689139875423,1.5916092649635416,1.2888705162844618
2023-01-17,1.413334447073472,1.582205549095739,1.281763703164876
2023-01-18,1.4269477721307746,1.5690977834896156,1.2851823447907555
2023-01-19,1.4038860684722063,1.5051063376466776,1.2592071872959918
2023-01-20,1.424119969734112,1.5372098941723387,1.2728363098101665
2023-01-23,1.4399061046233899,1.5719998821366807,1.2885379916452009
2023-01-24,1.437536349176338,1.568461358964072,1.2836939757880694
2023-01-25,1.4401188726690342,1.5656005249450915,1.276818143497075
2023-01-26,1.4389339398994634,1.584207037120146,1.2688422532571588
2023-01-27,1.4402378471669395,1.5838655621513684,1.2729742088123104
2023-01-30,1.4402887623522602,1.5680718490261543,1.2744099254687233
2023-01-31,1.4362158354880616,1.5434287051581068,1.2735167160230179
2023-02-01,1.4323756861953127,1.5304118609031505,1.2802314572069624
2023-02-02,1.4307798678207555,1.607785797016698,1.3249903392346793
2023-02-03,1.4227639506456482,1.6075707361244274,1.3291125791783163
2023-02-06,1.4024721007878975,1.5674918719641695,1.3080779668421851
2023-02-07,1.3910067434238615,1.5622676800645527,1.3061063245183486
2023-02-08,1.3972115585810645,1.554598461203702,1.299930956476881
2023-02-09,1.3990752528035282,1.548802660537774,1.2948525123161048
2023-02-10,1.3797443339392306,1.5004382917525143,1.2748104593885872
2023-02-13,1.3797443339392306,1.5292006283021562,1.2935841549032028
2023-02-14,1.3862175230155493,1.5344701091822326,1.2931619959125484
2023-02-15,1.3840096680300866,1.5467326610590926,1.3063006367486423
2023-02-16,1.3932912448313857,1.5535790466217427,1.3071167481158765
2023-02-17,1.3920942592258605,1.5428067506216159,1.3029691222195723
2023-02-20,1.3951700769727178,1.5418793487598286,1.2966376775802235
2023-02-21,1.3911734960230562,1.5163885692979653,1.2879697850750031
2023-02-22,1.3859531369250673,1.5074624491997761,1.2878625999415183
2023-02-23,1.3800619550458457,1.499397628907339,1.291127358817278
2023-02-24,1.363191171141468,1.4555793764123763,1.278868764340321
2023-02-27,1.363191171141468,1.4797492865869275,1.295452059568608
2023-02-28,1.363191171141468,1.4946214264181563,1.2906813809080713
2023-03-01,1.363191171141468,1.5143771070901586,1.2836826931424394
2023-03-02,1.363191171141468,1.4879165029046508,1.2836773652264473
2023-03-03,1.363191171141468,1.526247637633758,1.3057549954697045
2023-03-06,1.363191171141468,1.509431970198713,1.3110308859290052
2023-03-07,1.363191171141468,1.483438734873263,1.3011331850501184
2023-03-08,1.363191171141468,1.48651904965899,1.3033715365803742
2023-03-09,1.363191171141468,1.462521816047091,1.3013929993064306
2023-03-10,1.363191171141468,1.4163063256336852,1.2706455961170149
2023-03-13,1.363191171141468,1.3851706230209728,1.2500738856585352
2023-03-14,1.363191171141468,1.4236722141757838,1.267338527320143
2023-03-15,1.363191171141468,1.337298951243118,1.2154255077425589
2023-03-16,1.363191171141468,1.346084131743992,1.2319069457533531
2023-03-17,1.363191171141468,1.3288307811391489,1.2103354675293294
2023-03-20,1.363191171141468,1.3588802531341446,1.2281272594673152
2023-03-21,1.363191171141468,1.380975811953607,1.243594512998705
2023-03-22,1.363191171141468,1.3775115154729605,1.2444225338252148
2023-03-23,1.363191171141468,1.3741537164344535,1.2407475254180769
2023-03-24,1.363191171141468,1.3474861793925053,1.2168063782049374
2023-03-27,1.363191171141468,1.357579125952823,1.23185429340708
2023-03-28,1.363191171141468,1.3574474091602464,1.2340976594465047
2023-03-29,1.363191171141468,1.3775637606558642,1.2537843090366783
2023-03-30,1.363191171141468,1.4069067259156505,1.2851823447907555
2023-03-31,1.363191171141468,1.4317481487525754,1.3024820880165455
2023-04-03,1.363191171141468,1.4223002545394376,1.2950283335438382
2023-04-04,1.363191171141468,1.411898728209452,1.297893498720203
2023-04-05,1.363191171141468,1.3843389431740138,1.2814101802684705
2023-04-06,1.363191171141468,1.3934252440564023,1.2876848982728464
2023-04-11,1.363191171141468,1.4211113377713407,1.303277514533458
2023-04-12,1.363191171141468,1.420994823080358,1.3056183500948526
2023-04-13,1.363191171141468,1.4464453828177948,1.3115022497908795
2023-04-14,1.363191171141468,1.466970550036379,1.3258449996411492
2023-04-17,1.363191171141468,1.4538817649578755,1.325959393131564
2023-04-18,1.3667774060392401,1.4650168816538944,1.329856293569425
2023-04-19,1.357543841496675,1.4475626568205466,1.3259681685226097
2023-04-20,1.360947806621882,1.440947052170385,1.325458882435146
2023-04-21,1.3535386958376596,1.4339703256427516,1.3240388361198856
2023-04-24,1.3535386958376596,1.429126399343592,1.3319460902655529
2023-04-25,1.3535386958376596,1.392403323745606,1.3256861023818605
2023-04-26,1.3535386958376596,1.3734428510230308,1.3219424578804735
2023-04-27,1.3535386958376596,1.397558885194327,1.3411458341494968
2023-04-28,1.3535386958376596,1.394182878539583,1.3438022703817076
2023-05-02,1.3535386958376596,1.359620448379266,1.3227582558408848
2023-05-03,1.3535386958376596,1.3728981116936279,1.3258481337093797
2023-05-04,1.3535386958376596,1.3661652103746922,1.3210752612010814
2023-05-05,1.3535386958376596,1.3829360636824581,1.3295573034602308
2023-05-08,1.3535386958376596,1.3888039683672986,1.3287709657411868
2023-05-09,1.3535386958376596,1.355986852573387,1.319561819652551
2023-05-10,1.3535386958376596,1.3488908517664766,1.3107080769012591
2023-05-11,1.3535386958376596,1.3350625967555854,1.3233205076814445
2023-05-12,1.3535386958376596,1.3463464490275143,1.3269535195742934
2023-05-15,1.3535386958376596,1.35778292523159,1.3359799494850881
2023-05-16,1.3535386958376596,1.3307926342225216,1.327653357010174
2023-05-17,1.3535386958376596,1.3369872186296574,1.3338497233087863
2023-05-19,1.3535386958376596,1.3745533501515224,1.3588915552844936
2023-05-22,1.3535386958376596,1.3584398840406269,1.3558834765968155
2023-05-23,1.3535386958376596,1.337447743484085,1.3464035470130606
2023-05-24,1.3535386958376596,1.2995718954915014,1.3242403567071097
2023-05-25,1.3535386958376596,1.292381770624381,1.3252369904044232
2023-05-26,1.3535386958376596,1.3223346842283012,1.3493636744568112
2023-05-29,1.3535386958376596,1.3118950325144099,1.3413144470203004
2023-05-30,1.3535386958376596,1.307964439276591,1.3391867280985827
2023-05-31,1.3535386958376596,1.283406629585053,1.327285103993085
2023-06-01,1.3535386958376596,1.2953089004938925,1.3376594966498379
2023-06-02,1.3535386958376596,1.3583689121895606,1.3614602376062488
2023-06-05,1.3535386958376596,1.3452110909383508,1.36179276224551
2023-06-07,1.3535386958376596,1.3704950146082517,1.3690960814431508
2023-06-08,1.3535386958376596,1.372277327857222,1.3676826166711746
2023-06-09,1.3535386958376596,1.377211693854561,1.3670887107414862
2023-06-12,1.3535386958376596,1.368259943017618,1.3656153852663067
2023-06-13,1.3535386958376596,1.3629895350972034,1.3783575664712366
2023-06-14,1.3509155588302222,1.3408266933219097,1.3734850305932071
2023-06-15,1.3517258245725103,1.3390394774121746,1.3722445663875569
2023-06-16,1.3490956141669659,1.3510569801150982,1.3793573342367809
2023-06-19,1.3367055460452881,1.317237723515319,1.3615664825192644
2023-06-20,1.330496974071088,1.2947755814401538,1.354724184758337
2023-06-21,1.330496974071088,1.2717814156744616,1.3455009353626635
2023-06-22,1.330496974071088,1.2773620489178106,1.3275530668267967
2023-06-26,1.330496974071088,1.2878956807626663,1.3293877503689582
2023-06-27,1.330496974071088,1.2746131635194893,1.333009166209354
2023-06-28,1.330496974071088,1.2797430942294572,1.3433841856797528
2023-06-29,1.330496974071088,1.2794730976973587,1.356867260614384
2023-06-30,1.330496974071088,1.299059891565746,1.3717938873760045
2023-07-03,1.330496974071088,1.3161275870431945,1.362701015218722
2023-07-04,1.330496974071088,1.3245398740675765,1.363492994260581
2023-07-05,1.330496974071088,1.3054467824447118,1.3536883752081412
2023-07-06,1.330496974071088,1.2739733594899239,1.329397465980473
2023-07-07,1.330496974071088,1.2873298166998726,1.3339553414081557
2023-07-10,1.330496974071088,1.300881579096487,1.3325309073973728
2023-07-11,1.330496974071088,1.3123864250921942,1.3350087017404422
2023-07-12,1.330496974071088,1.347557210175231,1.3446556771608853
2023-07-13,1.330496974071088,1.349375335740465,1.3428714521172356
2023-07-14,1.330496974071088,1.3565663207831564,1.3350789048688063
2023-07-17,1.3246176237658687,1.3385560530747593,1.332136328207147
2023-07-18,1.3368771091627167,1.3745446826643457,1.3414598677861977
2023-07-19,1.3527992475724977,1.3634935515164701,1.3277549008208438
2023-07-20,1.3516610067247294,1.311277549984247,1.3210865438467114
2023-07-21,1.3651529133010623,1.3177545689035763,1.3228262651214875
2023-07-24,1.3664573182141262,1.3353969511932526,1.3325425034498257
2023-07-25,1.370921041589264,1.3796140474943845,1.3416156309772558
2023-07-26,1.3722145376522272,1.3685575105000352,1.327447135320604
2023-07-27,1.3755344115336439,1.3795888315438507,1.338682769927111
2023-07-28,1.3770028229684275,1.3827340890185384,1.3389996242252191
2023-07-31,1.378468109292416,1.3949978875266609,1.3372548884412743
2023-08-01,1.3612875202877108,1.374308842695534,1.3308410178074623
2023-08-02,1.353599808396279,1.3467649216095596,1.3205170836492215
2023-08-03,1.3518928729506343,1.343544347207206,1.3049808806167595
2023-08-04,1.3594984587337602,1.3564526676775712,1.312735505639599
2023-08-07,1.360062565978048,1.350225562060704,1.3128455114344912
2023-08-08,1.354050409311202,1.3333493616114636,1.3037034344059892
2023-08-09,1.354050409311202,1.344975218103806,1.3126646756975888
2023-08-10,1.354050409311202,1.3549016339935946,1.3211598810433063
2023-08-11,1.354050409311202,1.3396823934866917,1.3094074385855825
2023-08-14,1.354050409311202,1.3322595769613474,1.3093516521710789
2023-08-15,1.354050409311202,1.3150445070026677,1.294613696316937
2023-08-16,1.354050409311202,1.3058487473622415,1.29583598292685
2023-08-17,1.354050409311202,1.2962820537230075,1.280384713143436
2023-08-18,1.354050409311202,1.2937629632651764,1.2750956595975669
2023-08-21,1.354050409311202,1.279625072247948,1.2711564492385938
2023-08-22,1.354050409311202,1.2986351438952468,1.2798425193395515
2023-08-23,1.354050409311202,1.2791260026881903,1.28047027320613
2023-08-24,1.354050409311202,1.2720951689638682,1.275146744909725
2023-08-25,1.354050409311202,1.2676900478026425,1.2767648643371556
2023-08-28,1.354050409311202,1.2887116972544645,1.292122112073653
2023-08-29,1.354050409311202,1.3028717080434915,1.30231222151845
2023-08-30,1.3572866674596513,1.304718212602762,1.2985215659936047
2023-08-31,1.3570719408867262,1.315727841129312,1.2983238062882572
2023-09-01,1.357931119070257,1.3202968965681376,1.2991922565949414
2023-09-04,1.3632941961597917,1.327223094864106,1.3036824361488444
2023-09-05,1.3707438912207743,1.3512728615173994,1.3095892145429542
2023-09-06,1.3772712430837304,1.3501061007867377,1.3089821455266974
2023-09-07,1.3660077799417463,1.3202558733331973,1.2988841776878788
2023-09-08,1.364311139320797,1.3139185745791486,1.2933939169616087
2023-09-11,1.3670750546723895,1.3288432984503238,1.298277422078445
2023-09-12,1.3600872174970193,1.3186928379900678,1.293855251805145
2023-09-13,1.3600872174970193,1.3122721248716536,1.2851463030061043
2023-09-14,1.3600872174970193,1.326144730489654,1.3016318153055983
2023-09-15,1.3600872174970193,1.3307177808150248,1.3046010315472176
2023-09-18,1.3600872174970193,1.3161377833536194,1.299740405128464
2023-09-19,1.3600872174970193,1.3178776658076243,1.2939047700831876
2023-09-20,1.3600872174970193,1.3419741981327729,1.3089091217369258
2023-09-21,1.3600872174970193,1.3219540129060334,1.294871003318665
2023-09-22,1.3600872174970193,1.32521130739887,1.287211653970034
2023-09-25,1.3600872174970193,1.3150877787070847,1.2813788395861652
2023-09-26,1.3600872174970193,1.2976898721409644,1.2677305992557841
2023-09-27,1.3600872174970193,1.2929099263580914,1.266046664395512
2023-09-28,1.3600872174970193,1.3037522241035022,1.2714425896680426
2023-09-29,1.3600872174970193,1.330855999356285,1.2820539178830248
2023-10-02,1.3600872174970193,1.3104215880269001,1.2763915968108976
2023-10-03,1.3600872174970193,1.2902355770429452,1.2639540470379766
2023-10-04,1.3600872174970193,1.28889110222603,1.2590279185932047
2023-10-05,1.3600872174970193,1.2917289211653056,1.2651490672542838
2023-10-06,1.3600872174970193,1.3181263562781484,1.2811801396603486
2023-10-09,1.3600872174970193,1.2827532610740522,1.2694082659795953
2023-10-10,1.3600872174970193,1.3313126063886453,1.3049924766692127
2023-10-11,1.3600872174970193,1.3315325098767197,1.3053773402479236
2023-10-12,1.3600872174970193,1.3467034513553147,1.3163359232228502
2023-10-13,1.3600872174970193,1.3366680866930045,1.3030738000984725
2023-10-16,1.3600872174970193,1.3378180858996938,1.3036316642435097
2023-10-17,1.3600872174970193,1.300412894473797,1.2926056988016263
2023-10-18,1.3600872174970193,1.2682642518285814,1.2760590721716367
2023-10-19,1.3600872174970193,1.2700700051451872,1.2640280110482174
2023-10-20,1.3600872174970193,1.2270075772514726,1.2377131205572625
2023-10-23,1.3600872174970193,1.2151477972025595,1.2310635679925135
2023-10-24,1.3600872174970193,1.2142139400574357,1.235648709813802
2023-10-25,1.3600872174970193,1.2178098909990955,1.2359326563954893
2023-10-26,1.3600872174970193,1.2190110927516324,1.2303966382730531
2023-10-27,1.3600872174970193,1.1986346565757533,1.221517822975917
2023-10-30,1.3600872174970193,1.1963973807143875,1.2259823031703294
2023-10-31,1.3600872174970193,1.2061863339747818,1.237095082302199
2023-11-01,1.3600872174970193,1.2082014533453915,1.235689452700799
2023-11-02,1.3600872174970193,1.2402064058714066,1.2579604549538808
2023-11-03,1.3600872174970193,1.2344434063405931,1.2679725493231824
2023-11-06,1.3600872174970193,1.2500984986026398,1.266029113613421
2023-11-07,1.3600872174970193,1.2365987490621932,1.261598167949075
2023-11-08,1.3600872174970193,1.2456504819929781,1.2605582841101801
2023-11-09,1.3674508737813902,1.2638472049393796,1.2758371801409139
2023-11-10,1.3526835857275956,1.237495801119248,1.2629906344639066
2023-11-13,1.3550990921306807,1.2343958892900775,1.267316588842529
2023-11-14,1.3853862388020444,1.2945683063267672,1.295589018350283
2023-11-15,1.3865392860253505,1.3195169995172138,1.309313103131843
2023-11-16,1.38423702071024,1.2915530815591503,1.2965179561738167
2023-11-17,1.3994441858661444,1.321425611245974,1.3128126037180705
2023-11-20,1.403400611270451,1.3373319881048713,1.3172990223900969
2023-11-21,1.3996537133629072,1.328723825843346,1.3117717796587063
2023-11-22,1.4053043137398264,1.3328669878442119,1.3213839669217902
2023-11-23,1.4039963586545747,1.33352737488922,1.329242016196238
2023-11-24,1.4036219596256003,1.328525170618488,1.3310497467516167
2023-11-27,1.3929458918782478,1.317707114184624,1.329609955806504
2023-11-28,1.3944676134588876,1.3082890484576906,1.3224166424037551
2023-11-29,1.401869850688355,1.3166504207947163,1.3332793228908268
2023-11-30,1.3994282231349053,1.312654583409831,1.332958394304019
2023-12-01,1.4050824785819152,1.339027904140856,1.3435581264665482
2023-12-04,1.400034278060064,1.3244257891742541,1.3456993218816569
2023-12-05,1.3930661225195444,1.3181645609931343,1.3540572550388765
2023-12-06,1.3930661225195444,1.3380746018146417,1.3670965459120625
2023-12-07,1.3930661225195444,1.3321859101201525,1.3656025355865613
2023-12-08,1.3930661225195444,1.327074864740508,1.3810528651495062
2023-12-11,1.3930661225195444,1.3255019662774912,1.3970384935662281
2023-12-12,1.3930661225195444,1.3085550591696529,1.3940197590465664
2023-12-13,1.3930661225195444,1.2993444974829382,1.3868706360058682
2023-12-14,1.3930661225195444,1.3988026276720407,1.4122456194344826
2023-12-15,1.4129325168759121,1.4364176373390996,1.424891584744735
2023-12-18,1.4112522546367923,1.43479584259807,1.4175697745445337
2023-12-19,1.4291503993265746,1.4567915915854657,1.4237620665544461
2023-12-20,1.4118700992586848,1.4376005328781998,1.4275257690925085
2023-12-21,1.4071973910920204,1.430174088655882,1.4181473833194234
2023-12-22,1.4103279774439565,1.4299618474168667,1.4192869305280498
2023-12-27,1.4183121310912303,1.4408593425946703,1.4271860360963176
2023-12-28,1.4209069722662544,1.4454784808778098,1.4264285318049945
2023-12-29,1.4164692406139658,1.443146658234906,1.4306438535750787
2024-01-02,1.3978835059076327,1.4209612003019112,1.4299647009895193
2024-01-03,1.3711255553841228,1.3765604570830188,1.407102613468157
2024-01-04,1.3660151358709505,1.3733769370949866,1.4102432632419868
2024-01-05,1.355717245664611,1.3529173608136194,1.3958923648143176
2024-01-08,1.362514131200145,1.3527792397362581,1.4077789453923086
2024-01-09,1.362514131200145,1.3354146816897066,1.3999873383643486
2024-01-10,1.362514131200145,1.3267184823284353,1.398324088354398
2024-01-11,1.362514131200145,1.324681698773088,1.3949258181720172
2024-01-12,1.362514131200145,1.343964846131703,1.4066995722937088
2024-01-15,1.360964645834868,1.334996044778995,1.3974465492498451
2024-01-16,1.3611372037968101,1.3299209057796093,1.3874858535995245
2024-01-17,1.3561342913874175,1.3075266507097867,1.3719985420314593
2024-01-18,1.3561342913874175,1.3146015845816645,1.379225703371098
2024-01-19,1.3561342913874175,1.319249199322739,1.3720637306506547
2024-01-22,1.3454800376952605,1.3113801194046089,1.391524727328229
2024-01-23,1.355446556493003,1.337474438392616,1.3956645180539569
2024-01-24,1.3679781713331431,1.3442657228534711,1.4037946044508156
2024-01-25,1.3726345521740535,1.3366690919311222,1.4107371923951209
2024-01-26,1.3774247329217126,1.3476516617594727,1.4151574822274826
2024-01-29,1.3759483934437688,1.3404525328147348,1.4139223459378245
2024-01-30,1.37726351735626,1.336119911194522,1.4141031816747271
2024-01-31,1.380873214447258,1.3449187275748036,1.4070797347700739
2024-02-01,1.3754868295682083,1.3423925732509197,1.4119823577031165
2024-02-02,1.365780607472224,1.325313616159968,1.4143225664508652
2024-02-05,1.365780607472224,1.3052403085752367,1.3975910297952732
2024-02-06,1.365780607472224,1.3289547484184785,1.408125573338607
2024-02-07,1.365780607472224,1.316723065398276,1.4074743139602994
2024-02-08,1.365780607472224,1.3407030648996237,1.408706002774904
2024-02-09,1.365780607472224,1.3273746602929808,1.405077378577578
2024-02-12,1.365780607472224,1.3394420803782505,1.4140834370448747
2024-02-13,1.365780607472224,1.3263570680592671,1.4052848538944402
2024-02-14,1.365780607472224,1.3242550800223942,1.4108421836808442
2024-02-15,1.365780607472224,1.3414428306236104,1.4246822289869345
2024-02-16,1.365780607472224,1.3691612506204824,1.4388231448431572
2024-02-19,1.365780607472224,1.3668953475721288,1.4396643287562356
2024-02-20,1.365780607472224,1.3541742847169804,1.4423295403794918
2024-02-21,1.365780607472224,1.3580158560163558,1.4424404863948532
2024-02-22,1.365780607472224,1.3694724426492957,1.4500907469456155
2024-02-23,1.365780607472224,1.3750403183216262,1.4555098643230524
2024-02-26,1.3834696541947684,1.3836796395649031,1.4574163180276933
2024-02-27,1.3780229232727417,1.381460124799122,1.4595593938837406
2024-02-28,1.3757353686192344,1.370868533666977,1.462542400025574
2024-02-29,1.3807847810499356,1.3739591932255788,1.465883943572982
2024-03-01,1.3874684477568882,1.3964310238922548,1.471074273969589
2024-03-04,1.38626483166688,1.39386985962932,1.467412428649019
2024-03-05,1.376769867066422,1.376171161339018,1.4636311753288658
2024-03-06,1.4146696258667852,1.4409948117473466,1.4706706059814947
2024-03-07,1.4130740792775784,1.4432355589101267,1.4771010871769286
2024-03-08,1.4248496966048916,1.4589172837491418,1.4867355263244495
2024-03-11,1.4207022870694561,1.4549012792703353,1.4818031297432164
2024-03-12,1.4290458201445908,1.486573781304611,1.5072348398068036
2024-03-13,1.4321740796513749,1.5122954278098504,1.510556325317536
2024-03-14,1.4282474516040438,1.5070438292885815,1.5107882463665965
2024-03-15,1.444733349510268,1.5352152399538521,1.5142350946065508
2024-03-18,1.4261444380215242,1.499232803855037,1.49701119583194
2024-03-19,1.4269678224742406,1.496429357939568,1.5030618279578318
2024-03-20,1.4284844601903766,1.5038028531989693,1.5049447761507437
2024-03-21,1.4579978850097361,1.5593758570589928,1.5321835899560636
2024-03-22,1.4601058337591477,1.5617248945463282,1.527414478329642
2024-03-25,1.4436271504916671,1.545482408899587,1.5240741884095261
2024-03-26,1.4366038445323348,1.5369368173277211,1.5372899273240919
2024-03-27,1.433545221548611,1.5325504942326305,1.5361180992126908
2024-03-28,1.4222680077438492,1.518431931666474,1.527632296071665
2024-04-02,1.4435601612660027,1.5343825843346046,1.5217935269581582
2024-04-03,1.451771010004691,1.5510023753992053,1.5247470728586243
2024-04-04,1.4678558423409254,1.579422224942145,1.5308848320813255
2024-04-05,1.4693827507137533,1.5755612175280886,1.5205270499861945
2024-04-08,1.4843739510422354,1.5923620330515948,1.531186642851927
2024-04-09,1.5061296938577935,1.6050494663284895,1.5258114024297178
2024-04-10,1.5072477412988183,1.59864162524451,1.5291808391843777
2024-04-11,1.4880401534844616,1.5746050604162842,1.5179430107301095
2024-04-12,1.5099069645857794,1.5902483425470717,1.5223686284784632
2024-04-15,1.4994632268167098,1.584610058274345,1.5323299509424302
2024-04-16,1.4939499609609734,1.5408774992123557,1.5131165456550688
2024-04-17,1.5046199880767304,1.5548130030440468,1.5213259239781607
2024-04-18,1.5064935570274005,1.5232238677754886,1.5288630446658003
2024-04-19,1.5020369008323582,1.514977599169517,1.5193802944206378
2024-04-22,1.497987504219292,1.5013403099351976,1.5250491970360491
2024-04-23,1.4976966893281605,1.5136697379127764,1.5465476514703012
2024-04-24,1.5051153500853223,1.5070112015485426,1.5451837049763677
2024-04-25,1.5026666027457252,1.4958476661929467,1.5368846923018824
2024-04-26,1.5150948897082308,1.5209374032444145,1.5573438897108853
2024-04-29,1.5301662165014998,1.5480331694579874,1.564627464278674
2024-04-30,1.5379698626663052,1.5549637207636637,1.5611035179602482
2024-05-02,1.511731119762437,1.524420844581347,1.5420577853232214
2024-05-03,1.5181374744575382,1.535563198538495,1.5511368675802895
2024-05-06,1.5261619870413905,1.5545201874933419,1.5668322812788629
2024-05-07,1.5402241842119615,1.5862385734911795,1.5847892386125983
2024-05-08,1.533725347991658,1.5779118133045023,1.5840119896914229
2024-05-10,1.55601024621034,1.6283656550820622,1.6077293644329012
2024-05-13,1.5517713491573533,1.62163221431178,1.6058260447964912
2024-05-14,1.5688846826861063,1.6406139840295202,1.6107784994143997
2024-05-15,1.584856129137924,1.664971150685987,1.6075156209795782
2024-05-16,1.5835595410480197,1.6555168306553425,1.5966770728178816
2024-05-17,1.5793133392398546,1.6552934139337108,1.592929667434618
2024-05-20,1.5975021375919674,1.7093695287053847,1.61127618944941
2024-05-21,1.6039653539700596,1.7141763416585636,1.6108612388156858
2024-05-22,1.5659195709290046,1.675718886916945,1.6127623646043348
2024-05-23,1.5627568461541603,1.66805154026959,1.6170234437705848
2024-05-24,1.565600105967168,1.6696503879289828,1.6066368282477332
2024-05-27,1.566676822150093,1.6760965391249556,1.6101852202983573
2024-05-28,1.555846413903118,1.6638964026754974,1.6016082157718223
2024-05-29,1.5239177435093814,1.6215475839152838,1.581538269637053
2024-05-30,1.5239177435093814,1.61213037723062,1.58739960404182
2024-05-31,1.5239177435093814,1.612808741831732,1.5941513272308847
2024-06-03,1.5239177435093814,1.6021323083757755,1.5989944028675471
2024-06-04,1.5239177435093814,1.5863639052650906,1.584110712840685
2024-06-05,1.5239177435093814,1.606986017330441,1.5975903403002627
2024-06-07,1.5082781935965182,1.5865755673872195,1.606078964102696
2024-06-10,1.5082781935965182,1.5777740492170025,1.5920772008759094
2024-06-11,1.5082781935965182,1.5617935691959681,1.583657839981371
2024-06-12,1.5082781935965182,1.613926786479264,1.608238023706719
2024-06-13,1.4791273314669058,1.5802953382790594,1.583748414553234
2024-06-14,1.4504078874849782,1.5503302756868373,1.5681313525604241
2024-06-17,1.4528832502796194,1.5431665522032507,1.566241509417405
2024-06-18,1.4428612391082116,1.5381510599765633,1.5711243877205954
2024-06-19,1.4428612391082116,1.544495538193382,1.5636051312218697
2024-06-20,1.4428612391082116,1.577461736353354,1.5755822863717237
2024-06-24,1.4424468619574051,1.5859979577913321,1.5882987682171634
2024-06-25,1.4391299390210273,1.5656775236916605,1.5681109811169256
2024-06-26,1.4339926686164177,1.5529941634990898,1.5750369584996087
2024-06-27,1.4274198526007194,1.540503378370721,1.5662333608400056
2024-06-28,1.4302427930785218,1.550493427986645,1.5733292047207843
2024-07-01,1.431508121412121,1.54858839635621,1.5827458261262823
2024-07-02,1.4268767716075523,1.5464949284773646,1.5639423569634767
2024-07-03,1.437188820348009,1.5543486170326097,1.5707642832809057
2024-07-04,1.4474942440598069,1.5778482872419755,1.574809111739248
2024-07-05,1.4459838630424804,1.5841556135805746,1.5654185031000638
2024-07-08,1.4429567772125313,1.5738123457293813,1.5701757052672092
2024-07-09,1.444200348120787,1.5736499368751262,1.5517520851739455
2024-07-10,1.4509592609247906,1.5924165992352484,1.560436588240788
2024-07-11,1.4520525710959686,1.6214883621305154,1.5762814969939585
2024-07-12,1.4520525710959686,1.6498610028808516,1.610775678752992
2024-07-15,1.4520525710959686,1.627334706894324,1.5952739504710662
2024-07-16,1.4520525710959686,1.6194454485492613,1.6003505141909042
2024-07-17,1.4520525710959686,1.6176511495073542,1.5905364929337733
2024-07-18,1.4520525710959686,1.590242039126089,1.590679406445086
2024-07-19,1.4520525710959686,1.5184872084299474,1.574049413600164
2024-07-22,1.4520525710959686,1.538171169272126,1.588009493719484
2024-07-23,1.4520525710959686,1.5337562155901436,1.5898444906684688
2024-07-24,1.4520525710959686,1.5421216417453742,1.574257515730672
2024-07-25,1.4520525710959686,1.5233763557114977,1.5689932213238242
2024-07-26,1.4520525710959686,1.5300244611719693,1.5790206726274554
2024-07-29,1.4520525710959686,1.5284000598383007,1.5797872657166472
2024-07-30,1.4520525710959686,1.541892522252368,1.589123654975443
2024-07-31,1.4520525710959686,1.5682825274428873,1.5982575834265458
2024-08-01,1.4520525710959686,1.5340126839064439,1.5601880566301058
2024-08-02,1.4520525710959686,1.4545792188835172,1.5110819085597986
2024-08-05,1.4520525710959686,1.4119818535820248,1.4769349815607098
2024-08-06,1.4520525710959686,1.4162884002094343,1.4718508960771182
2024-08-07,1.4520525710959686,1.4393921879285294,1.4958472028911152
2024-08-08,1.4520525710959686,1.435545752500629,1.5013553278062997
2024-08-09,1.4520525710959686,1.448373032872533,1.5063792391798645
2024-08-12,1.4520525710959686,1.4559947641486983,1.5077945843927791
2024-08-13,1.4520525710959686,1.4614643542790053,1.515179389364414
2024-08-14,1.4520525710959686,1.458557817624646,1.5281863993348253
2024-08-15,1.4520525710959686,1.4894082082735516,1.545726212187075
2024-08-16,1.4520525710959686,1.4942048101833907,1.552025375923649
2024-08-19,1.4520525710959686,1.5170649086899264,1.5567634602745883
2024-08-20,1.4520525710959686,1.5107166475138774,1.5484716559570333
2024-08-21,1.4520525710959686,1.5181750428954484,1.5464172742319104
2024-08-22,1.4520525710959686,1.5226687020755276,1.556929565890807
2024-08-23,1.4520525710959686,1.5366113751702783,1.5680655371275827
2024-08-26,1.4520525710959686,1.5493366357728773,1.5728760184546473
2024-08-27,1.4520525710959686,1.5420960404724504,1.5665188744558083
2024-08-28,1.4520525710959686,1.5289166321009817,1.570065072658671
2024-08-29,1.4520525710959686,1.5345848876558572,1.5856059767934785
2024-08-30,1.4520525710959686,1.539094229457217,1.590542761070234
2024-09-02,1.4520525710959686,1.525884376083719,1.5868809157496646
2024-09-03,1.4520525710959686,1.4702424901799453,1.5720511316963677
2024-09-04,1.4520525710959686,1.4359971780801424,1.5511838786037477
2024-09-05,1.4520525710959686,1.4409229060561346,1.5374497648038497
2024-09-06,1.4520525710959686,1.4329714929429336,1.5201030105546016
2024-09-09,1.4520525710959686,1.453447996210241,1.538760118731041
2024-09-10,1.4520525710959686,1.4425976123611424,1.5291513789430105
2024-09-11,1.4520525710959686,1.4487549870917,1.525594524908164
2024-09-12,1.4520525710959686,1.4776624009211472,1.5382063288747034
2024-09-13,1.4520525710959686,1.5087600914800685,1.5471769723709947
2024-09-16,1.4520525710959686,1.5246796701640342,1.549973814859934
2024-09-17,1.4594379755265219,1.537405683278595,1.5659992459431837
2024-09-18,1.450231019191444,1.5243428961284167,1.558858271479885
2024-09-19,1.450231019191444,1.573773915487467,1.5886770502525904
2024-09-20,1.45450662197513,1.564511649202496,1.5802451530851298
2024-09-23,1.4561006018348286,1.5817227809396879,1.5831216009071247
2024-09-24,1.4310502637912474,1.5826192561464587,1.5868981531249324
2024-09-25,1.4226719101976908,1.5723876388577231,1.5997017620671814
2024-09-26,1.4294822778803487,1.624387860984748,1.6190145173174508
2024-09-27,1.4325111337132839,1.6415635770610784,1.6171876689458657
2024-09-30,1.4322861243543215,1.6415946113797035,1.6092177334355875
2024-10-01,1.4197351331864796,1.6269852308194448,1.6010563063564232
2024-10-02,1.413669050328118,1.6161539634941036,1.6067659518588318
2024-10-03,1.3945210762927087,1.592665893755284,1.5907279845026594
2024-10-04,1.4158117231213414,1.627339627687907,1.5964279143935531
2024-10-07,1.4111344003134754,1.6129554000666382,1.595841216820795
2024-10-08,1.382871967830816,1.5799455063476195,1.5867872071095712
2024-10-09,1.3914086181905219,1.591201208552344,1.5910899693832874
2024-10-10,1.3837235236943586,1.562703918275388,1.5782161573126745
2024-10-11,1.3973405814822513,1.5896914111639229,1.5872936725356273
2024-10-14,1.3882370213188766,1.5821835109216231,1.5937407642926833
2024-10-15,1.3882370213188766,1.559352642518286,1.5807491112566017
2024-10-16,1.3882370213188766,1.5612958595975874,1.5826054198695538
2024-10-17,1.3882370213188766,1.5622720716064997,1.586114949474119
2024-10-18,1.3882370213188766,1.567055597487698,1.5931214724103273
2024-10-21,1.3882370213188766,1.5548916881427235,1.5820064994306966
2024-10-22,1.3882370213188766,1.5581793517064115,1.579125977320002
2024-10-23,1.3775165203722304,1.5393284352057737,1.5851531039341646
2024-10-24,1.3850981683878887,1.5470424693272042,1.5831620303872989
2024-10-25,1.3810075063430338,1.5648331486052465,1.591879127763739
2024-10-28,1.3815561783757484,1.5758902828493007,1.6114097007560313
2024-10-29,1.3863532484395533,1.5764268805432593,1.6032300960811297
2024-10-30,1.378730687623391,1.5477580334051844,1.583858420348126
2024-10-31,1.3744638760713968,1.5217391004762133,1.5617597918477244
2024-11-01,1.376679859749061,1.5258295741734267,1.5708595589551142
2024-11-04,1.3863436774568865,1.528613007123931,1.5799276719733755
2024-11-05,1.391109148750443,1.5388355534702816,1.5812439806302048
2024-11-06,1.3747463406432396,1.524665061912242,1.5683472898615087
2024-11-07,1.3747463406432396,1.5733212659427138,1.5889575493592243
2024-11-08,1.3747463406432396,1.5375486877506013,1.5743038999404841
2024-11-11,1.3747463406432396,1.5361114669676716,1.5851828775823547
2024-11-12,1.3747463406432396,1.4708947525890264,1.5469165313010365
2024-11-13,1.3747463406432396,1.4519813254636904,1.5458901239555325
2024-11-14,1.3747463406432396,1.449263320255038,1.55747364013563
2024-11-15,1.3747463406432396,1.4511028198799154,1.5443055390581688
2024-11-18,1.3747463406432396,1.458470988623923,1.5424141288810342
2024-11-19,1.3747463406432396,1.445583647824402,1.5341467702956775
2024-11-20,1.3747463406432396,1.4461842339677553,1.5286182739369947
2024-11-21,1.3747463406432396,1.4574107355351107,1.5358905658591533
2024-11-22,1.3747463406432396,1.4745536040109795,1.5468372393748036
2024-11-25,1.3747463406432396,1.5027539943198949,1.5458214878612837
2024-11-26,1.3747463406432396,1.4892046832536623,1.5355743383746912
2024-11-27,1.3747463406432396,1.4945090766088909,1.5367308095517624
2024-11-28,1.3747463406432396,1.4993986454784682,1.5436511456116309
2024-11-29,1.3747463406432396,1.533013969069945,1.5466795957428072
2024-12-02,1.3747463406432396,1.536751272130538,1.5677756358162571
2024-12-03,1.3747463406432396,1.5630755413212931,1.5835030170107822
2024-12-04,1.3747463406432396,1.5618697270330857,1.5962282742472673
2024-12-05,1.3747463406432396,1.5640756365185895,1.6034297362274157
2024-12-06,1.3747463406432396,1.5544866191133506,1.6084658704670796
2024-12-09,1.3747463406432396,1.5705842212747825,1.61063903337814
2024-12-10,1.3747463406432396,1.5513067959536615,1.596909934087411
2024-12-11,1.3747463406432396,1.5456153802565342,1.592574577504097
2024-12-12,1.3747463406432396,1.5285415479533715,1.5836760175771083
2024-12-13,1.3747463406432396,1.511217936077282,1.5728268135834278
2024-12-16,1.3747463406432396,1.5156599779232938,1.565604353346135
2024-12-17,1.3747463406432396,1.5162677038638768,1.558507569244887
2024-12-18,1.3747463406432396,1.5216765581190828,1.5613109932771103
2024-12-19,1.3747463406432396,1.4383008801216715,1.526529730868159
2024-12-20,1.3747463406432396,1.4518976402403505,1.522562940708757
2024-12-23,1.3747463406432396,1.4425824442585828,1.519622871301682
2024-12-27,1.3747463406432396,1.4658779593326214,1.5321224756255678
2024-12-30,1.3747463406432396,1.4529091817792377,1.5277770900239163
2025-01-02,1.3747463406432396,1.4737792986679181,1.5435934787561887
2025-01-03,1.3747463406432396,1.4727365120163922,1.5451846451968367
2025-01-07,1.3747463406432396,1.4903350536844755,1.5647105170867834
2025-01-08,1.3747463406432396,1.485830036560295,1.5635631347075805
2025-01-09,1.3747463406432396,1.5119327997751533,1.568664770973263
2025-01-10,1.3747463406432396,1.4855307226608099,1.552758747889597
2025-01-13,1.3747463406432396,1.4741077769391346,1.5472747552997876
2025-01-14,1.3747463406432396,1.5008605246277673,1.551216472913345
2025-01-15,1.3747463406432396,1.5576228011124484,1.5817416706652154
2025-01-16,1.379927374159499,1.5751160500375123,1.5909874853521486
2025-01-17,1.3769501845712369,1.5864837314620264,1.610397396717565
2025-01-20,1.381980112597046,1.5916315547305124,1.6099529858424737
2025-01-21,1.3816588826095413,1.5972522252368033,1.6233248013549206
2025-01-22,1.3803457018628131,1.5996698829753235,1.6292140289669392
2025-01-23,1.4181406779713543,1.6778556808986622,1.6443882471187727
2025-01-24,1.4044730502452105,1.6605756671177205,1.64259242602267
2025-01-27,1.3909907517061644,1.6414491861764458,1.6285568148589937
2025-01-28,1.3841245404888387,1.6324725865785412,1.6216095258123426
2025-01-29,1.3827530275176423,1.631470879827013,1.6349594028471754
2025-01-30,1.386445895754469,1.6399362518104486,1.6380254617971188
2025-01-31,1.3879616265839425,1.6406224044570468,1.643085728362158
2025-02-03,1.376155321663462,1.6224510606565439,1.6197673205064278
2025-02-04,1.376623361957254,1.6276013250557018,1.6233530079689955
2025-02-05,1.3760589306349886,1.6262981624655193,1.6175969782567747
2025-02-06,1.3947380339191298,1.7048140842133417,1.6406546316357236
2025-02-07,1.3843297916230113,1.6898283162091527,1.6246586607938407
2025-02-10,1.391085030224769,1.700358012099123,1.6360641618984433
2025-02-11,1.3850695201198497,1.6910531110249802,1.6413469473078512
2025-02-12,1.3831647008054893,1.693670485891534,1.6487928666099818
2025-02-13,1.3897130870796868,1.72144579307281,1.6766613147228184
2025-02-14,1.3891124157937773,1.7258165026779906,1.6721946406806445
2025-02-17,1.3930802777968234,1.7284340996715695,1.688362045054738
2025-02-18,1.3899717910801468,1.7316093873600658,1.6969879410456692
2025-02-19,1.3830063198616702,1.6952759338968104,1.6680351053250642
2025-02-20,1.3899213514609785,1.7034348023182808,1.678106433583923
2025-02-21,1.3873988081733906,1.6933019136923175,1.6775962072759902
2025-02-24,1.3814913923235037,1.672930478774403,1.6710453778605034
2025-02-25,1.3765058147259979,1.651894362733432,1.6778842281463775
2025-02-26,1.385447345645645,1.670425797107362,1.7011468495876039
2025-02-27,1.385447345645645,1.6438982340901518,1.6884899150385446
2025-02-28,1.385447345645645,1.6298725897517843,1.677864483516525
2025-03-03,1.385447345645645,1.6361833318600418,1.6902098916834678
2025-03-04,1.385447345645645,1.5571341579232483,1.6357122060361529
2025-03-05,1.385447345645645,1.5942133802066687,1.6774301016597715
2025-03-06,1.385447345645645,1.5951921784087997,1.6829908789212287
2025-03-07,1.385447345645645,1.6011032573341584,1.6806456556643112
2025-03-10,1.385447345645645,1.56330391056894,1.6691361034944547
2025-03-11,1.385447345645645,1.5341998780567965,1.6335117767314868
2025-03-12,1.385447345645645,1.5565860345566185,1.6358112425922382
2025-03-13,1.385447345645645,1.5530583967415328,1.6305369191670527
2025-03-14,1.385447345645645,1.58057171642992,1.6518037659590674
2025-03-17,1.385447345645645,1.5943519806704156,1.6535369056905593
2025-03-18,1.385447345645645,1.6080640292482358,1.6537280838526223
2025-03-19,1.385447345645645,1.6080587979301386,1.6490702316483854
2025-03-20,1.385447345645645,1.6132947149634285,1.6434210736628265
2025-03-21,1.385447345645645,1.5940875996455033,1.6211099553363937
2025-03-24,1.385447345645645,1.6134668702075528,1.6219755849816704
2025-03-25,1.385447345645645,1.6178839091636465,1.628519206040227
2025-03-26,1.385447345645645,1.5793345686315845,1.6066565728775857
2025-03-27,1.385447345645645,1.5583050144042574,1.5977326269979293
2025-03-28,1.385447345645645,1.5336443451672637,1.5804281826697937
2025-03-31,1.385447345645645,1.4923579305014405,1.5514195605346848
2025-04-01,1.385447345645645,1.5155539440013237,1.5611959729730494
2025-04-02,1.385447345645645,1.5098875221277048,1.5475361365902154
2025-04-03,1.385447345645645,1.4173804015965947,1.4925504765194042
2025-04-04,1.385447345645645,1.302871810040595,1.4312731744757723
2025-04-07,1.385447345645645,1.2352490361273738,1.364302524084531
2025-04-08,1.385447345645645,1.250540101861107,1.4005257712863566
2025-04-09,1.385447345645645,1.2085760456403039,1.3620328318719697
2025-04-10,1.385447345645645,1.2727288962326804,1.4281717005548242
2025-04-11,1.385447345645645,1.284464522007575,1.4264514105030777
2025-04-14,1.385447345645645,1.3307714267581465,1.4647212042594495
2025-04-15,1.385447345645645,1.346765300132143,1.4972791586656518
2025-04-16,1.385447345645645,1.326463479370519,1.4859482483849362
2025-04-17,1.385447345645645,1.3014486852573388,1.4752914761806115
2025-04-22,1.385447345645645,1.3374452196224293,1.4806830137576195
2025-04-23,1.385447345645645,1.3770117840653324,1.4986271214116094
2025-04-24,1.385447345645645,1.3958541305426924,1.5035422806175744
2025-04-25,1.385447345645645,1.4087239369068587,1.521172668041687
2025-04-28,1.385447345645645,1.3971618966021364,1.5218471195249004
2025-04-29,1.385447345645645,1.4126841263041463,1.511646667654943
2025-04-30,1.385447345645645,1.4231828060083094,1.5304905662979227
2025-05-02,1.385447345645645,1.4383441654257016,1.5483992589809077
2025-05-05,1.385447345645645,1.4407718506127758,1.5497848305456319
2025-05-06,1.385447345645645,1.4331374966284292,1.5283440429668218
2025-05-07,1.385447345645645,1.4309455607460748,1.5300470956433005
2025-05-08,1.385447345645645,1.4413517268109584,1.5442434845072037
2025-05-09,1.385447345645645,1.4523798349460206,1.5440964967071913
2025-05-12,1.385447345645645,1.5145632506703475,1.593946359168607
2025-05-13,1.385447345645645,1.5191185546330486,1.5961373862685815
2025-05-14,1.3875210581821602,1.519568996507166,1.5899400797495002
2025-05-15,1.3895885906783338,1.5200367212237837,1.6053230268454883
2025-05-16,1.3821675568162333,1.5078999657743053,1.606555655880562
2025-05-19,1.3846680860913418,1.5003282697438063,1.6096192075759206
2025-05-20,1.3811384178556914,1.495395710228496,1.6185660321536597
2025-05-21,1.380512335164007,1.486254743431953,1.608956038738337
2025-05-22,1.3667260113448476,1.4507823200487773,1.5797327329294357
2025-05-23,1.3667260113448476,1.4311220134681506,1.5658384682429567
2025-05-26,1.3667260113448476,1.458370161087425,1.5856072304207707
2025-05-27,1.3667260113448476,1.4633689779210268,1.589978628788736
2025-05-28,1.3667260113448476,1.4532774774529738,1.5851593720706256
2025-05-30,1.3667260113448476,1.4476915448934584,1.5762423211410768
2025-06-02,1.3667260113448476,1.4397001625153845,1.5669234826643716
2025-06-03,1.3667260113448476,1.4352536327968284,1.5709824144297515
2025-06-04,1.3667260113448476,1.4554685157608194,1.5853546245213885
2025-06-05,1.3667260113448476,1.4672140035223,1.5923244788592996
2025-06-09,1.3667260113448476,1.4625704788650669,1.5868599174925198
2025-06-10,1.3667260113448476,1.4747401703124963,1.5864502947747874
2025-06-11,1.3667260113448476,1.4650833157671654,1.5783904115062928
2025-06-12,1.3667260113448476,1.440936093148288,1.567051979461824
2025-06-13,1.3667260113448476,1.422281978925132,1.5532348128538167
2025-06-16,1.3667260113448476,1.449795627270852,1.5694736739835669
2025-06-17,1.3667260113448476,1.419400232100075,1.5543662114850438
2025-06-18,1.3667260113448476,1.419304341223376,1.552592642273378
2025-06-19,1.3667260113448476,1.4003734657935716,1.5453592127972782
2025-06-23,1.3667260113448476,1.4001365015900216,1.5307745128796102
2025-06-24,1.3667260113448476,1.4303275761635035,1.5487089049220855
2025-06-25,1.3667260113448476,1.43141384531346,1.543566525769406
2025-06-26,1.3667260113448476,1.47899374871087,1.547637993807708
2025-06-27,1.3667260113448476,1.5117479742241986,1.5826373873655053
2025-06-30,1.363007029001052,1.4843105041150164,1.574635797766099
2025-07-01,1.3578294144559389,1.4844481322063787,1.5730712709054104
2025-07-02,1.3629018906546748,1.5235550115710048,1.5928588374926076
2025-07-03,1.3758490270446813,1.5323534607617144,1.5973706421173013
2025-07-04,1.3693538448562521,1.5133853359897913,1.5866533823961269
2025-07-07,1.3760537855920674,1.5191119928194035,1.5878612522921791
2025-07-08,1.3766184942349697,1.5296148816040291,1.5928469280333315
2025-07-09,1.3816967057107827,1.5317690468257368,1.6017479952149047
2025-07-10,1.3971002364321963,1.5768833583792887,1.6294459500159995
2025-07-11,1.3936749637136707,1.5652442717293498,1.6071893644767783
2025-07-14,1.3928488374755477,1.5518193880627125,1.5991294812082837
2025-07-15,1.3909189202423076,1.555432630913282,1.5992156680846237
2025-07-16,1.3956189046676941,1.5681190396859395,1.5865211247167978
2025-07-17,1.390401124425922,1.5691610828919125,1.6138749588261787
2025-07-18,1.3894326858317945,1.5111080285319896,1.6082364566726037
2025-07-21,1.3927576817895133,1.5474009438131955,1.6113698980895033
2025-07-22,1.3784178343579612,1.5281343460512389,1.602329051464848
2025-07-23,1.381755759204269,1.5470420998710301,1.6371870985454477
2025-07-24,1.3746787201950699,1.5442920562389364,1.6420323680298714
2025-07-25,1.3762839713545334,1.5423294619766132,1.645883197664743
2025-07-28,1.3724985716660516,1.5329224550022778,1.6352580795495468
2025-07-29,1.3724985716660516,1.5299110131938922,1.6437373011472887
2025-07-30,1.3724985716660516,1.5436755676138798,1.646020783260064
2025-07-31,1.3724985716660516,1.500661641609378,1.6296546789601538
2025-08-01,1.3724985716660516,1.476616091969655,1.6003082042697918
2025-08-04,1.3724985716660516,1.4895787904956832,1.6123586966162406
2025-08-05,1.3724985716660516,1.506191720555136,1.6187255562265943
2025-08-06,1.3724985716660516,1.510735213253277,1.6211149698455627
2025-08-07,1.3724985716660516,1.5254891033094662,1.638756953322128
2025-08-08,1.3724985716660516,1.532852813646759,1.6445813057217744
2025-08-11,1.3724985716660516,1.5188936102214694,1.63686209566994
2025-08-12,1.3724985716660516,1.5285464800799655,1.648482593855158
2025-08-13,1.3724985716660516,1.531356130819218,1.6508394131645283
2025-08-14,1.3724985716660516,1.5292370231352095,1.6634979147477027
2025-08-15,1.3724985716660516,1.5447889861261273,1.6684108801059068
2025-08-18,1.3657178463773787,1.5151335708732538,1.6589632314249259
2025-08-19,1.3657178463773787,1.5448430536572761,1.6805209197487354
2025-08-20,1.3657178463773787,1.5353747600234822,1.6775984011237515
2025-08-21,1.3657178463773787,1.5285468268701168,1.6721307056887413
2025-08-22,1.3657178463773787,1.574729354086344,1.6991482542769845
2025-08-25,1.3608523955297058,1.5632379025769,1.6859767057244697
2025-08-26,1.3532507987553042,1.5530526531713165,1.6786157196713867
2025-08-27,1.3507639672721397,1.5552796760572,1.6715286511816534
2025-08-28,1.3507639672721397,1.5619429609532423,1.6705852966442591
2025-08-29,1.3507639672721397,1.5483105834460968,1.6591895111511716
2025-09-01,1.3507639672721397,1.5552590250436886,1.6621465045266914
2025-09-02,1.3507639672721397,1.5193166375408271,1.6288156888948366
2025-09-03,1.3538832013331092,1.549457234881196,1.6411820953189242
2025-09-04,1.3393736490709651,1.5355172046447214,1.6477125532909127
2025-09-05,1.3393736490709651,1.5493797828141682,1.6597874913695596
2025-09-08,1.3393736490709651,1.5539069469093745,1.668378285796309
2025-09-09,1.3393736490709651,1.5537328514536852,1.6637564753767227
2025-09-10,1.3393736490709651,1.541242394982649,1.6613711360464545
2025-09-11,1.3393736490709651,1.5569709806908152,1.6656419308242194
2025-09-12,1.3393736490709651,1.5662441040007795,1.6652746180275992
2025-09-15,1.3393736490709651,1.5961537957655336,1.6666078506528734
2025-09-16,1.3363772874399338,1.570097006045028,1.6519209801108896
2025-09-17,1.330226706504791,1.5532480660215917,1.6530837194244221
2025-09-18,1.330226706504791,1.5834053364884435,1.6649671659341827
2025-09-19,1.330226706504791,1.5799591444936294,1.6722695449113545
2025-09-22,1.330226706504791,1.5720865638082546,1.673041779323361
2025-09-23,1.3392051916513856,1.591318702415518,1.687896322515679
2025-09-24,1.3564183006263963,1.5881086087821774,1.6716091967351785
2025-09-25,1.356294866437605,1.553363234350811,1.6578036261796243
2025-09-26,1.3592578262769006,1.5637058267545203,1.6723673278401476
2025-09-29,1.3794168318393363,1.593775719702894,1.6770549536925747
2025-09-30,1.3766699411785306,1.5955584953387323,1.6838627767029668
2025-10-01,1.3806269229796708,1.5953310939302658,1.6929001758525686
2025-10-02,1.3821768495771436,1.6232879264895546,1.7128196867122716
2025-10-03,1.3935968493670916,1.6653281586802935,1.7257041546148686
